Charm++: standalone mode (not using charmrun)
Charm++> Running in non-SMP mode: 1 processes (PEs)
Charm++> Using recursive bisection (scheme 3) for topology aware partitions
Converse/Charm++ Commit ID: v80000
Charm++> scheduler running in netpoll mode.
CharmLB> Load balancer assumes all CPUs are same.
Charm++> Running on 1 hosts (1 sockets x 8 cores x 2 PUs = 16-way SMP)
Charm++> cpu topology info is gathered in 0.000 seconds.
CharmLB> Load balancing instrumentation for communication is off.
Info: NAMD 3.1alpha4pre for Linux-x86_64-netlrts
Info: 
Info: Please visit http://www.ks.uiuc.edu/Research/namd/
Info: for updates, documentation, and support information.
Info: 
Info: Please cite Phillips et al., J. Chem. Phys. 153:044130 (2020) doi:10.1063/5.0014475
Info: in all publications reporting results obtained with NAMD.
Info: 
Info: Based on Charm++/Converse 80000 for netlrts-linux-x86_64
Info: Built Fri Jun 5 14:59:11 CEST 2026 by rat on Cerb
Info: 1 NAMD  3.1alpha4pre  Linux-x86_64-netlrts  1    Cerb  rat
Info: Running on 1 processors, 1 nodes, 1 physical nodes.
Info: CPU topology information available.
Info: Charm++/Converse parallel runtime startup completed at 0.00393499 s
Info: 469.098 MB of memory in use based on /proc/self/stat
Info: Configuration file is enzyme_pbc.conf
Info: Working in the current directory /home/rat/PycharmProjects/ML_models_NAMD/namd_benchmarks/enzyme/runs_pbc/mm/pbc_mono/walk0
TCL: Suspending until startup complete.
Warning: The following variables were set in the
Warning: configuration file but will be ignored:
Warning:    QMSoftware (QMForces)
Warning:    QMExecPath (QMForces)
Warning:    QMChargeMode (QMForces)
Warning:    QMColumn (QMForces)
Warning:    QMBaseDir (QMForces)
Warning:    QMParamPDB (QMForces)
Warning:    QMCharge (QMForces)
Warning:    QMMult (QMForces)
Warning:    QMReplaceAll (QMForces)
Warning:    QMElecEmbed (QMForces)
Warning:    QMVdWParams (QMForces)
Warning:    QMBondColumn (QMForces)
Warning:    QMSimsPerNode (QMForces)
Warning:    QMSwitching (QMForces)
Warning:    QMPointChargeScheme (QMForces)
Warning: Option "1-4scaling" has been deprecated. Instead use "oneFourScaling".
Info: EXTENDED SYSTEM FILE   /home/rat/PycharmProjects/ML_models_NAMD/namd_benchmarks/enzyme/systems/pbc_mono/system.xsc
Info: SIMULATION PARAMETERS:
Info: TIMESTEP               2
Info: NUMBER OF STEPS        0
Info: STEPS PER CYCLE        100
Info: PERIODIC CELL BASIS 1  75.157 0 0
Info: PERIODIC CELL BASIS 2  0 75.157 0
Info: PERIODIC CELL BASIS 3  0 0 75.157
Info: PERIODIC CELL CENTER   0 0 0
Info: WRAPPING WATERS AROUND PERIODIC BOUNDARIES ON OUTPUT.
Info: WRAPPING ALL CLUSTERS AROUND PERIODIC BOUNDARIES ON OUTPUT.
Info: LOAD BALANCER  Centralized
Info: LOAD BALANCING STRATEGY  New Load Balancers -- DEFAULT
Info: LDB PERIOD             20000 steps
Info: FIRST LDB TIMESTEP     500
Info: LAST LDB TIMESTEP     -1
Info: LDB BACKGROUND SCALING 1
Info: HOM BACKGROUND SCALING 1
Info: PME BACKGROUND SCALING 1
Info: MIN ATOMS PER PATCH    40
Info: EMPTY PATCH LOAD       40 ATOMS
Info: INITIAL TEMPERATURE    300
Info: CENTER OF MASS MOVING INITIALLY? NO
Info: DIELECTRIC             1
Info: EXCLUDE                SCALED ONE-FOUR
Info: 1-4 ELECTROSTATICS SCALED BY 1
Info: MODIFIED 1-4 VDW PARAMETERS WILL BE USED
Info: DCD FILENAME           bench.dcd
Info: DCD FREQUENCY          1000000
Info: DCD FIRST STEP         1000000
Info: DCD FILE WILL CONTAIN UNIT CELL DATA
Info: XST FILENAME           bench.xst
Info: XST FREQUENCY          1000000
Info: NO VELOCITY DCD OUTPUT
Info: NO FORCE DCD OUTPUT
Info: OUTPUT FILENAME        bench
Info: RESTART FILENAME       bench.restart
Info: RESTART FREQUENCY      1000000
Info: NAMD will save positions and velocities to bench.crash.csv when  atoms are moving too fast.
Info: SWITCHING ACTIVE
Info: SWITCHING ON           12
Info: SWITCHING OFF          14
Info: PAIRLIST DISTANCE      16
Info: PAIRLIST SHRINK RATE   0.01
Info: PAIRLIST GROW RATE     0.01
Info: PAIRLIST TRIGGER       0.3
Info: PAIRLISTS PER CYCLE    2
Info: PAIRLISTS ENABLED
Info: MARGIN                 0
Info: HYDROGEN GROUP CUTOFF  2.5
Info: PATCH DIMENSION        18.5
Info: ENERGY OUTPUT STEPS    100
Info: ENERGY EVALUATION STEPS    100
Info: OUTPUT ENERGY PRECISION 4
Info: CROSSTERM ENERGY INCLUDED IN DIHEDRAL
Info: TIMING OUTPUT STEPS    100
Info: LANGEVIN DYNAMICS ACTIVE
Info: LANGEVIN TEMPERATURE   300
Info: LANGEVIN USING BBK INTEGRATOR
Info: LANGEVIN DAMPING COEFFICIENT IS 5 INVERSE PS
Info: LANGEVIN DYNAMICS APPLIED TO HYDROGENS
Info: PARTICLE MESH EWALD (PME) ACTIVE
Info: PME TOLERANCE               1e-06
Info: PME EWALD COEFFICIENT       0.219398
Info: PME INTERPOLATION ORDER     4
Info: PME GRID DIMENSIONS         80 80 80
Info: PME MAXIMUM GRID SPACING    1
Info: Attempting to read FFTW data from FFTW_NAMD_3.1alpha4pre_Linux-x86_64-netlrts.txt
Info: Optimizing 6 FFT steps.  1... 2... 3... 4... 5... 6...   Done.
Info: Writing FFTW data to FFTW_NAMD_3.1alpha4pre_Linux-x86_64-netlrts.txt
Info: FULL ELECTROSTATIC EVALUATION FREQUENCY      1
Info: USING VERLET I (r-RESPA) MTS SCHEME.
Info: C1 SPLITTING OF LONG RANGE ELECTROSTATICS
Info: PLACING ATOMS IN PATCHES BY HYDROGEN GROUPS
Info: RIGID BONDS TO HYDROGEN : ALL
Info:         ERROR TOLERANCE : 1e-08
Info:          MAX ITERATIONS : 100
Info: RIGID WATER USING SETTLE ALGORITHM
Info: RANDOM NUMBER SEED     1780668761
Info: USE HYDROGEN BONDS?    NO
Info: COORDINATE PDB         /home/rat/PycharmProjects/ML_models_NAMD/namd_benchmarks/enzyme/systems/pbc_mono/system.pdb
Info: STRUCTURE FILE         /home/rat/PycharmProjects/ML_models_NAMD/namd_benchmarks/enzyme/systems/pbc_mono/system.psf
Info: PARAMETER file: CHARMM format! 
Info: PARAMETERS             /home/rat/PycharmProjects/ML_models_NAMD/namd_benchmarks/enzyme/toppar/par_all36_prot.prm
Info: PARAMETERS             /home/rat/PycharmProjects/ML_models_NAMD/namd_benchmarks/enzyme/toppar/par_all36_na.prm
Info: PARAMETERS             /home/rat/PycharmProjects/ML_models_NAMD/namd_benchmarks/enzyme/toppar/par_all36_carb.prm
Info: PARAMETERS             /home/rat/PycharmProjects/ML_models_NAMD/namd_benchmarks/enzyme/toppar/par_all36_lipid.prm
Info: PARAMETERS             /home/rat/PycharmProjects/ML_models_NAMD/namd_benchmarks/enzyme/toppar/par_all36_cgenff.prm
Info: PARAMETERS             /home/rat/PycharmProjects/ML_models_NAMD/namd_benchmarks/enzyme/toppar/toppar_water_ions_namd.str
Info: USING ARITHMETIC MEAN TO COMBINE L-J SIGMA PARAMETERS
Info: SKIPPING rtf SECTION IN STREAM FILE
Info: SUMMARY OF PARAMETERS:
Info: 911 BONDS
Info: 2652 ANGLES
Info: 6440 DIHEDRAL
Info: 189 IMPROPER
Info: 6 CROSSTERM
Info: 350 VDW
Info: 6 VDW_PAIRS
Info: 0 NBTHOLE_PAIRS
Info: No lone pairs detected in waters
Info: TIME FOR READING PSF FILE: 0.107909
Info: Reading pdb file /home/rat/PycharmProjects/ML_models_NAMD/namd_benchmarks/enzyme/systems/pbc_mono/system.pdb
Info: TIME FOR READING PDB FILE: 0.036682
Info: 
Info: ****************************
Info: STRUCTURE SUMMARY:
Info: 39609 ATOMS
Info: 27472 BONDS
Info: 18072 ANGLES
Info: 8696 DIHEDRALS
Info: 560 IMPROPERS
Info: 213 CROSSTERMS
Info: 0 EXCLUSIONS
Info: 37902 RIGID BONDS
Info: 80925 DEGREES OF FREEDOM
Info: 13791 HYDROGEN GROUPS
Info: 4 ATOMS IN LARGEST HYDROGEN GROUP
Info: 13791 MIGRATION GROUPS
Info: 4 ATOMS IN LARGEST MIGRATION GROUP
Info: TOTAL MASS = 243146 amu
Info: TOTAL CHARGE = 2.96161e-06 e
Info: MASS DENSITY = 0.951081 g/cm^3
Info: ATOM DENSITY = 0.0933008 atoms/A^3
Info: *****************************
Info: 
Info: Entering startup at 22.7874 s, 23.7244 MB of memory in use
Info: Startup phase 0 took 0.000207544 s, 23.7244 MB of memory in use
Info: ADDED 54146 IMPLICIT EXCLUSIONS
Info: Startup phase 1 took 0.00994073 s, 23.7244 MB of memory in use
Info: NONBONDED TABLE R-SQUARED SPACING: 0.0625
Info: NONBONDED TABLE SIZE: 769 POINTS
Info: INCONSISTENCY IN FAST TABLE ENERGY VS FORCE: 0.000290477 AT 0.251946
Info: INCONSISTENCY IN SCOR TABLE ENERGY VS FORCE: 0.000182292 AT 13.962
Info: INCONSISTENCY IN VDWA TABLE ENERGY VS FORCE: 0.0040507 AT 0.251946
Info: INCONSISTENCY IN VDWB TABLE ENERGY VS FORCE: 0.00165469 AT 12.1218
Info: Startup phase 2 took 0.00370744 s, 23.7244 MB of memory in use
Info: Startup phase 3 took 9.1263e-05 s, 23.7244 MB of memory in use
Info: Startup phase 4 took 0.000204328 s, 23.7244 MB of memory in use
Info: Startup phase 5 took 3.1981e-05 s, 23.7244 MB of memory in use
Info: PATCH GRID IS 4 (PERIODIC) BY 4 (PERIODIC) BY 4 (PERIODIC)
Info: PATCH GRID IS 1-AWAY BY 1-AWAY BY 1-AWAY
Info: REMOVING COM VELOCITY 0.00634822 0.0718001 -0.00948037
Info: LARGEST PATCH (18) HAS 673 ATOMS
Info: TORUS A SIZE 1 USING 0
Info: TORUS B SIZE 1 USING 0
Info: TORUS C SIZE 1 USING 0
Info: TORUS MINIMAL MESH SIZE IS 1 BY 1 BY 1
Info: Placed 100% of base nodes on same physical node as patch
Info: Startup phase 6 took 0.0109204 s, 23.7244 MB of memory in use
Info: PME using 1 and 1 processors for FFT and reciprocal sum.
Info: PME GRID LOCATIONS: 0
Info: PME TRANS LOCATIONS: 0
Info: PME USING 1 GRID NODES AND 1 TRANS NODES
Info: Optimizing 4 FFT steps.  1... 2... 3... 4...   Done.
Info: Startup phase 7 took 0.00179169 s, 23.7244 MB of memory in use
Info: Startup phase 8 took 0.000164913 s, 23.7244 MB of memory in use
Info: Startup phase 9 took 4.4374e-05 s, 23.7244 MB of memory in use
Info: Startup phase 10 took 3.2833e-05 s, 23.7244 MB of memory in use
Info: Startup phase 11 took 2.8073e-05 s, 23.7244 MB of memory in use
LDB: Central LB being created...
Info: Startup phase 12 took 8.3649e-05 s, 23.7244 MB of memory in use
Info: Startup phase 13 took 3.5367e-05 s, 23.7244 MB of memory in use
Info: Startup phase 14 took 1.7894e-05 s, 23.7244 MB of memory in use
Info: Startup phase 15 took 1.6502e-05 s, 23.7244 MB of memory in use
Info: CREATING 1285 COMPUTE OBJECTS
Info: Startup phase 16 took 0.00216936 s, 23.7244 MB of memory in use
Info: Startup phase 17 took 8.6775e-05 s, 23.7244 MB of memory in use
Info: Startup phase 18 took 0.000284871 s, 23.7244 MB of memory in use
Info: Finished startup at 22.8173 s, 23.7244 MB of memory in use

TCL: Minimizing for 500 steps
ETITLE:      TS           BOND          ANGLE          DIHED          IMPRP               ELECT            VDW       BOUNDARY           MISC        KINETIC               TOTAL           TEMP      POTENTIAL         TOTAL3        TEMPAVG            PRESSURE      GPRESSURE         VOLUME       PRESSAVG      GPRESSAVG

ENERGY:       0       377.1462       589.8118      1711.0560         9.4195        -122226.8591  76914827.4447         0.0000         0.0000         0.0000       76795288.0191         0.0000  76795288.0191  76795288.0191         0.0000       50379024.7784  50240554.6529    424529.9502  50379024.7784  50240554.6529

OPENING EXTENDED SYSTEM TRAJECTORY FILE
MINIMIZER SLOWLY MOVING 66 ATOMS WITH BAD CONTACTS DOWNHILL
ENERGY:       1       377.1462       589.8118      1711.0560         9.4195        -122206.7203   3963304.4987         0.0000         0.0000         0.0000        3843785.2120         0.0000   3843785.2120   3843785.2120         0.0000        2605709.9647   2325391.5069    424529.9502   2605709.9647   2325391.5069

MINIMIZER SLOWLY MOVING 35 ATOMS WITH BAD CONTACTS DOWNHILL
ENERGY:       2       377.1462       589.8118      1711.0560         9.4195        -122256.4004    423023.3995         0.0000         0.0000         0.0000         303454.4326         0.0000    303454.4326    303454.4326         0.0000         286835.2935    247621.7103    424529.9502    286835.2935    247621.7103

MINIMIZER SLOWLY MOVING 11 ATOMS WITH BAD CONTACTS DOWNHILL
ENERGY:       3       377.1462       589.8118      1711.0560         9.4195        -122244.1950     73689.2823         0.0000         0.0000         0.0000         -45867.4792         0.0000    -45867.4792    -45867.4792         0.0000          57911.2800     27834.6944    424529.9502     57911.2800     27834.6944

MINIMIZER SLOWLY MOVING 8 ATOMS WITH BAD CONTACTS DOWNHILL
ENERGY:       4       377.1462       589.8118      1711.0560         9.4195        -122232.0290     31687.6727         0.0000         0.0000         0.0000         -87856.9227         0.0000    -87856.9227    -87856.9227         0.0000          30354.1118      -544.3618    424529.9502     30354.1118      -544.3618

MINIMIZER SLOWLY MOVING 7 ATOMS WITH BAD CONTACTS DOWNHILL
ENERGY:       5       377.1462       589.8118      1711.0560         9.4195        -122223.4041     25145.8124         0.0000         0.0000         0.0000         -94390.1581         0.0000    -94390.1581    -94390.1581         0.0000          26050.7680     -5016.3477    424529.9502     26050.7680     -5016.3477

MINIMIZER SLOWLY MOVING 2 ATOMS WITH BAD CONTACTS DOWNHILL
ENERGY:       6       377.1462       589.8118      1711.0560         9.4195        -122219.9975     24012.0477         0.0000         0.0000         0.0000         -95520.5163         0.0000    -95520.5163    -95520.5163         0.0000          25302.7643     -5806.6314    424529.9502     25302.7643     -5806.6314

MINIMIZER STARTING CONJUGATE GRADIENT ALGORITHM
LINE MINIMIZER REDUCING GRADIENT FROM 2.20787e+08 TO 220787
ENERGY:       7       337.2668       576.3591      1709.4481         9.0992        -122364.0792     19410.8007         0.0000         0.0000         0.0000        -100321.1054         0.0000   -100321.1054   -100321.1054         0.0000          22239.1405      6177.7430    424529.9502     22239.1405      6177.7430

ENERGY:       8       301.7320       564.7917      1707.8842         8.8613        -122495.2034     16858.8929         0.0000         0.0000         0.0000        -103053.0413         0.0000   -103053.0413   -103053.0413         0.0000          20531.7467      4484.7838    424529.9502     20531.7467      4484.7838

ENERGY:       9       270.6122       555.0531      1706.3650         8.7057        -122618.1543     15299.2834         0.0000         0.0000         0.0000        -104778.1348         0.0000   -104778.1348   -104778.1348         0.0000          19483.4050      3443.2405    424529.9502     19483.4050      3443.2405

MINIMIZER RESTARTING CONJUGATE GRADIENT ALGORITHM DUE TO POOR PROGRESS
LINE MINIMIZER REDUCING GRADIENT FROM 1.20044e+07 TO 12004.4
ETITLE:      TS           BOND          ANGLE          DIHED          IMPRP               ELECT            VDW       BOUNDARY           MISC        KINETIC               TOTAL           TEMP      POTENTIAL         TOTAL3        TEMPAVG            PRESSURE      GPRESSURE         VOLUME       PRESSAVG      GPRESSAVG

ENERGY:      10       186.0026       527.3258      1699.9190         8.9490        -123220.7239     13280.0035         0.0000         0.0000         0.0000        -107518.5239         0.0000   -107518.5239   -107518.5239         0.0000          18101.9102      2025.0935    424529.9502     18101.9102      2025.0935

ENERGY:      11       162.0848       525.9489      1694.3318        10.9127        -123791.2658     12023.1891         0.0000         0.0000         0.0000        -109374.7985         0.0000   -109374.7985   -109374.7985         0.0000          17222.2694      1088.3662    424529.9502     17222.2694      1088.3662

ENERGY:      12       201.5251       549.2322      1689.6171        14.6053        -124331.8955     11217.8854         0.0000         0.0000         0.0000        -110659.0304         0.0000   -110659.0304   -110659.0304         0.0000          16637.9894       439.7347    424529.9502     16637.9894       439.7347

MINIMIZER RESTARTING CONJUGATE GRADIENT ALGORITHM DUE TO POOR PROGRESS
LINE MINIMIZER REDUCING GRADIENT FROM 3.10509e+06 TO 3105.09
ENERGY:      13       138.5417       505.8901      1688.7836        15.2170        -124986.3285     10846.9697         0.0000         0.0000         0.0000        -111790.9264         0.0000   -111790.9264   -111790.9264         0.0000          16346.4317        67.0946    424529.9502     16346.4317        67.0946

ENERGY:      14       197.4841       491.3884      1688.5561        16.4771        -125619.3834     10519.3086         0.0000         0.0000         0.0000        -112706.1692         0.0000   -112706.1692   -112706.1692         0.0000          16068.0369      -291.6826    424529.9502     16068.0369      -291.6826

MINIMIZER RESTARTING CONJUGATE GRADIENT ALGORITHM DUE TO POOR PROGRESS
LINE MINIMIZER REDUCING GRADIENT FROM 2.54389e+06 TO 2543.89
ENERGY:      15       199.5150       512.4463      1680.0121        20.4376        -126632.3305     10073.3307         0.0000         0.0000         0.0000        -114146.5888         0.0000   -114146.5888   -114146.5888         0.0000          15835.2044      -611.2477    424529.9502     15835.2044      -611.2477

ENERGY:      16       670.7670       620.7891      1672.5858        25.7252        -127592.9840      9691.3619         0.0000         0.0000         0.0000        -114911.7552         0.0000   -114911.7552   -114911.7552         0.0000          15587.2934      -945.2439    424529.9502     15587.2934      -945.2439

ENERGY:      17      1617.6702       812.2905      1666.2338        32.3358        -128500.2366      9365.8456         0.0000         0.0000         0.0000        -115005.8607         0.0000   -115005.8607   -115005.8607         0.0000          15318.9719     -1298.7819    424529.9502     15318.9719     -1298.7819

ENERGY:      18      3043.2531      1085.7648      1660.9450        40.3120        -129353.3499      9090.8871         0.0000         0.0000         0.0000        -114432.1879         0.0000   -114432.1879   -114432.1879         0.0000          15026.1368     -1675.7937    424529.9502     15026.1368     -1675.7937

LINE MINIMIZER BRACKET: DX 0.000699614 0.000699614 DU -94.1055 573.673 DUDX -612205 345532 1.29918e+06 
ENERGY:      19      1221.8005       733.9008      1668.3969        29.8014        -128176.9339      9477.0182         0.0000         0.0000         0.0000        -115046.0162         0.0000   -115046.0162   -115046.0162         0.0000          15418.4164     -1168.6175    424529.9502     15418.4164     -1168.6175

LINE MINIMIZER BRACKET: DX 0.000447825 0.000251789 DU -134.261 40.1555 DUDX -612205 839.02 345532 
MINIMIZER RESTARTING CONJUGATE GRADIENT ALGORITHM
LINE MINIMIZER REDUCING GRADIENT FROM 8.65848e+06 TO 8658.48
ETITLE:      TS           BOND          ANGLE          DIHED          IMPRP               ELECT            VDW       BOUNDARY           MISC        KINETIC               TOTAL           TEMP      POTENTIAL         TOTAL3        TEMPAVG            PRESSURE      GPRESSURE         VOLUME       PRESSAVG      GPRESSAVG

ENERGY:      20       524.6766       609.7760      1671.2929        28.4222        -128318.2132      9444.3106         0.0000         0.0000         0.0000        -116039.7349         0.0000   -116039.7349   -116039.7349         0.0000          15339.1217     -1283.6040    424529.9502     15339.1217     -1283.6040

ENERGY:      21       174.3166       535.1906      1674.4812        27.3072        -128458.4716      9415.0330         0.0000         0.0000         0.0000        -116632.1431         0.0000   -116632.1431   -116632.1431         0.0000          15218.5977     -1442.3038    424529.9502     15218.5977     -1442.3038

ENERGY:      22       167.8191       512.5925      1678.0155        26.4660        -128597.7076      9389.5663         0.0000         0.0000         0.0000        -116823.2483         0.0000   -116823.2483   -116823.2483         0.0000          15057.2579     -1644.2978    424529.9502     15057.2579     -1644.2978

ENERGY:      23       501.5832       545.1230      1681.9720        25.9174        -128735.8967      9368.5080         0.0000         0.0000         0.0000        -116612.7929         0.0000   -116612.7929   -116612.7929         0.0000          14855.7208     -1888.9420    424529.9502     14855.7208     -1888.9420

LINE MINIMIZER BRACKET: DX 0.000137949 0.000137949 DU -191.105 210.455 DUDX -2.83971e+06 69238.3 2.98028e+06 
ENERGY:      24       153.0921       512.4293      1677.6444        26.5373        -128583.8217      9391.9264         0.0000         0.0000         0.0000        -116822.1922         0.0000   -116822.1922   -116822.1922         0.0000          15075.2148     -1622.1633    424529.9502     15075.2148     -1622.1633

LINE MINIMIZER BRACKET: DX 1.37949e-05 0.000137949 DU -1.05606 210.455 DUDX -221734 69238.3 2.98028e+06 
ENERGY:      25       164.0135       512.5045      1677.9270        26.4826        -128594.4055      9390.1226         0.0000         0.0000         0.0000        -116823.3553         0.0000   -116823.3553   -116823.3553         0.0000          15061.5589     -1639.0017    424529.9502     15061.5589     -1639.0017

LINE MINIMIZER BRACKET: DX 1.05192e-05 3.27564e-06 DU -1.16306 0.106996 DUDX -221734 130.368 69238.3 
MINIMIZER RESTARTING CONJUGATE GRADIENT ALGORITHM
LINE MINIMIZER REDUCING GRADIENT FROM 1.72001e+06 TO 1720.01
ENERGY:      26       165.7782       494.2671      1674.6958        25.7272        -129149.6067      9230.4048         0.0000         0.0000         0.0000        -117558.7336         0.0000   -117558.7336   -117558.7336         0.0000          15111.3100     -1616.9887    424529.9502     15111.3100     -1616.9887

ENERGY:      27       451.8500       515.2219      1671.9576        25.1744        -129688.3287      9082.5575         0.0000         0.0000         0.0000        -117941.5673         0.0000   -117941.5673   -117941.5673         0.0000          15134.9035     -1619.4765    424529.9502     15134.9035     -1619.4765

ENERGY:      28      1025.3390       572.2278      1669.6974        24.7999        -130210.3031      8945.8398         0.0000         0.0000         0.0000        -117972.3992         0.0000   -117972.3992   -117972.3992         0.0000          15131.6903     -1647.0498    424529.9502     15131.6903     -1647.0498

ENERGY:      29      1889.0619       662.5192      1667.9134        24.5848        -130715.2925      8819.6935         0.0000         0.0000         0.0000        -117651.5197         0.0000   -117651.5197   -117651.5197         0.0000          15101.1565     -1700.1599    424529.9502     15101.1565     -1700.1599

LINE MINIMIZER BRACKET: DX 0.000530183 0.000530183 DU -30.8319 320.88 DUDX -389852 273903 937319 
ETITLE:      TS           BOND          ANGLE          DIHED          IMPRP               ELECT            VDW       BOUNDARY           MISC        KINETIC               TOTAL           TEMP      POTENTIAL         TOTAL3        TEMPAVG            PRESSURE      GPRESSURE         VOLUME       PRESSAVG      GPRESSAVG

ENERGY:      30       753.7987       544.5331      1670.5720        24.9340        -129996.5123      9000.9267         0.0000         0.0000         0.0000        -118001.7477         0.0000   -118001.7477   -118001.7477         0.0000          15136.3312     -1632.5419    424529.9502     15136.3312     -1632.5419

LINE MINIMIZER BRACKET: DX 0.000311517 0.000218666 DU -60.1804 29.3485 DUDX -389852 148.745 273903 
LINE MINIMIZER REDUCING GRADIENT FROM 4.94828e+06 TO 4948.28
ENERGY:      31       315.3746       501.3380      1670.9597        26.1935        -130686.8721      8844.4323         0.0000         0.0000         0.0000        -119328.5741         0.0000   -119328.5741   -119328.5741         0.0000          14844.5886     -2025.3502    424529.9502     14844.5886     -2025.3502

ENERGY:      32       147.0244       491.5345      1671.7797        27.6199        -131347.1643      8705.1144         0.0000         0.0000         0.0000        -120304.0914         0.0000   -120304.0914   -120304.0914         0.0000          14533.1168     -2434.0531    424529.9502     14533.1168     -2434.0531

ENERGY:      33       246.1682       517.8192      1673.0752        29.2246        -131976.7987      8582.8904         0.0000         0.0000         0.0000        -120927.6211         0.0000   -120927.6211   -120927.6211         0.0000          14202.0608     -2858.4743    424529.9502     14202.0608     -2858.4743

MINIMIZER RESTARTING CONJUGATE GRADIENT ALGORITHM DUE TO POOR PROGRESS
LINE MINIMIZER REDUCING GRADIENT FROM 1.70903e+06 TO 1709.03
ENERGY:      34       140.8814       501.7179      1670.2292        28.9353        -132210.9320      8525.0398         0.0000         0.0000         0.0000        -121344.1285         0.0000   -121344.1285   -121344.1285         0.0000          14337.3433     -2723.1810    424529.9502     14337.3433     -2723.1810

ENERGY:      35       304.6536       521.4161      1667.7347        28.7530        -132442.1206      8471.0145         0.0000         0.0000         0.0000        -121448.5488         0.0000   -121448.5488   -121448.5488         0.0000          14442.3328     -2618.4276    424529.9502     14442.3328     -2618.4276

ENERGY:      36       740.0008       574.2857      1665.5527        28.6550        -132670.3439      8420.2236         0.0000         0.0000         0.0000        -121241.6260         0.0000   -121241.6260   -121241.6260         0.0000          14516.4909     -2544.7370    424529.9502     14516.4909     -2544.7370

LINE MINIMIZER BRACKET: DX 0.00033522 0.00033522 DU -104.42 206.923 DUDX -776562 153215 1.08133e+06 
ENERGY:      37       259.0239       515.8201      1668.1236        28.7767        -132404.1930      8479.6853         0.0000         0.0000         0.0000        -121452.7633         0.0000   -121452.7633   -121452.7633         0.0000          14427.1316     -2633.5721    424529.9502     14427.1316     -2633.5721

LINE MINIMIZER BRACKET: DX 0.000279959 5.52607e-05 DU -108.635 4.2145 DUDX -776562 76.7648 153215 
LINE MINIMIZER REDUCING GRADIENT FROM 1.46903e+06 TO 1469.03
ENERGY:      38       237.9971       527.6253      1666.6922        30.5198        -133656.4825      8260.6128         0.0000         0.0000         0.0000        -122933.0353         0.0000   -122933.0353   -122933.0353         0.0000          14172.1852     -3037.5187    424529.9502     14172.1852     -3037.5187

MINIMIZER RESTARTING CONJUGATE GRADIENT ALGORITHM DUE TO POOR PROGRESS
LINE MINIMIZER REDUCING GRADIENT FROM 1.22352e+06 TO 1223.52
ENERGY:      39       144.2471       513.5021      1669.0511        30.7810        -133887.2448      8234.8495         0.0000         0.0000         0.0000        -123294.8140         0.0000   -123294.8140   -123294.8140         0.0000          13976.7709     -3285.7825    424529.9502     13976.7709     -3285.7825

ETITLE:      TS           BOND          ANGLE          DIHED          IMPRP               ELECT            VDW       BOUNDARY           MISC        KINETIC               TOTAL           TEMP      POTENTIAL         TOTAL3        TEMPAVG            PRESSURE      GPRESSURE         VOLUME       PRESSAVG      GPRESSAVG

ENERGY:      40       336.7876       538.8419      1671.7712        31.1539        -134115.0520      8212.7017         0.0000         0.0000         0.0000        -123323.7957         0.0000   -123323.7957   -123323.7957         0.0000          13748.6402     -3567.1611    424529.9502     13748.6402     -3567.1611

ENERGY:      41       812.8429       606.6511      1674.9118        31.6695        -134339.8623      8194.8213         0.0000         0.0000         0.0000        -123018.9657         0.0000   -123018.9657   -123018.9657         0.0000          13488.3933     -3880.9865    424529.9502     13488.3933     -3880.9865

LINE MINIMIZER BRACKET: DX 0.000431473 0.000431473 DU -28.9816 304.83 DUDX -453190 319089 1.09392e+06 
ENERGY:      42       222.7256       523.4060      1670.5993        30.9848        -134021.2776      8221.3756         0.0000         0.0000         0.0000        -123352.1864         0.0000   -123352.1864   -123352.1864         0.0000          13846.8058     -3446.9509    424529.9502     13846.8058     -3446.9509

LINE MINIMIZER BRACKET: DX 0.000253253 0.000178221 DU -57.3724 28.3907 DUDX -453190 -185.218 319089 
LINE MINIMIZER REDUCING GRADIENT FROM 1.29116e+06 TO 1291.16
ENERGY:      43       224.4377       514.6838      1669.8663        30.2476        -135194.4976      8047.3759         0.0000         0.0000         0.0000        -124707.8861         0.0000   -124707.8861   -124707.8861         0.0000          13682.3267     -3737.2844    424529.9502     13682.3267     -3737.2844

ENERGY:      44       244.6967       512.5475      1669.8309        29.8966        -136280.3196      7911.7586         0.0000         0.0000         0.0000        -125911.5892         0.0000   -125911.5892   -125911.5892         0.0000          13545.5399     -3987.9973    424529.9502     13545.5399     -3987.9973

MINIMIZER RESTARTING CONJUGATE GRADIENT ALGORITHM DUE TO POOR PROGRESS
LINE MINIMIZER REDUCING GRADIENT FROM 1.00855e+06 TO 1008.55
ENERGY:      45       178.9663       532.9453      1665.4008        30.9105        -136503.0488      7866.4236         0.0000         0.0000         0.0000        -126228.4023         0.0000   -126228.4023   -126228.4023         0.0000          13636.8662     -3902.5335    424529.9502     13636.8662     -3902.5335

ENERGY:      46       519.9043       621.9649      1661.6573        32.6402        -136723.6218      7825.5506         0.0000         0.0000         0.0000        -126061.9046         0.0000   -126061.9046   -126061.9046         0.0000          13678.8692     -3870.5970    424529.9502     13678.8692     -3870.5970

LINE MINIMIZER BRACKET: DX 0.000553755 0.000553755 DU -316.813 166.498 DUDX -1.00855e+06 -135675 737235 
ENERGY:      47       205.1980       542.3404      1664.7759        31.1350        -136537.4725      7859.7884         0.0000         0.0000         0.0000        -126234.2349         0.0000   -126234.2349   -126234.2349         0.0000          13646.6490     -3894.0391    424529.9502     13646.6490     -3894.0391

LINE MINIMIZER BRACKET: DX 8.60907e-05 0.000467664 DU -5.83261 172.33 DUDX -135675 30.993 737235 
LINE MINIMIZER REDUCING GRADIENT FROM 785258 TO 785.258
ENERGY:      48       228.0644       608.4602      1665.0659        36.1131        -137486.0714      7745.2463         0.0000         0.0000         0.0000        -127203.1216         0.0000   -127203.1216   -127203.1216         0.0000          13344.8425     -4342.5825    424529.9502     13344.8425     -4342.5825

ENERGY:      49       456.3777       728.7184      1667.2496        44.0979        -138382.6043      7657.3239         0.0000         0.0000         0.0000        -127828.8369         0.0000   -127828.8369   -127828.8369         0.0000          13034.0490     -4797.4421    424529.9502     13034.0490     -4797.4421

ETITLE:      TS           BOND          ANGLE          DIHED          IMPRP               ELECT            VDW       BOUNDARY           MISC        KINETIC               TOTAL           TEMP      POTENTIAL         TOTAL3        TEMPAVG            PRESSURE      GPRESSURE         VOLUME       PRESSAVG      GPRESSAVG

ENERGY:      50       892.9640       902.0762      1671.3349        55.4682        -139224.6467      7598.0927         0.0000         0.0000         0.0000        -128104.7107         0.0000   -128104.7107   -128104.7107         0.0000          12715.6072     -5257.2440    424529.9502     12715.6072     -5257.2440

ENERGY:      51      1539.8040      1127.9419      1677.2867        70.7301        -140010.2123      7570.7682         0.0000         0.0000         0.0000        -128023.6814         0.0000   -128023.6814   -128023.6814         0.0000          12391.7035     -5719.8734    424529.9502     12391.7035     -5719.8734

LINE MINIMIZER BRACKET: DX 0.0014494 0.0014494 DU -275.874 81.0293 DUDX -313059 -70134.9 177709 
ENERGY:      52      1051.7423       959.6436      1672.8038        59.2973        -139447.9837      7587.0950         0.0000         0.0000         0.0000        -128117.4018         0.0000   -128117.4018   -128117.4018         0.0000          12625.9697     -5385.6875    424529.9502     12625.9697     -5385.6875

LINE MINIMIZER BRACKET: DX 0.000403259 0.00104614 DU -12.691 93.7203 DUDX -70134.9 -1813.32 177709 
ENERGY:      53      1095.5991       975.2461      1673.2088        60.3414        -139505.5092      7584.6599         0.0000         0.0000         0.0000        -128116.4540         0.0000   -128116.4540   -128116.4540         0.0000          12602.6388     -5419.0688    424529.9502     12602.6388     -5419.0688

LINE MINIMIZER BRACKET: DX 0.000403259 0.000104614 DU -12.691 0.947796 DUDX -70134.9 -1813.32 16007.8 
ENERGY:      54      1056.0785       961.1914      1672.8438        59.4008        -139453.7447      7586.8437         0.0000         0.0000         0.0000        -128117.3866         0.0000   -128117.3866   -128117.3866         0.0000          12623.6365     -5389.0260    424529.9502     12623.6365     -5389.0260

LINE MINIMIZER BRACKET: DX 0.000403259 1.04614e-05 DU -12.691 0.0151844 DUDX -70134.9 -1813.32 -33.1216 
ENERGY:      55      1051.7422       959.6435      1672.8037        59.2973        -139447.9768      7587.0949         0.0000         0.0000         0.0000        -128117.3952         0.0000   -128117.3952   -128117.3952         0.0000          12625.9700     -5385.6868    424529.9502     12625.9700     -5385.6868

LINE MINIMIZER REDUCING GRADIENT FROM 5.93709e+06 TO 5937.09
ENERGY:      56       653.7420       816.9839      1670.8038        51.9071        -139575.7410      7572.5750         0.0000         0.0000         0.0000        -128809.7293         0.0000   -128809.7293   -128809.7293         0.0000          12791.6098     -5207.8875    424529.9502     12791.6098     -5207.8875

ENERGY:      57       385.2076       702.2518      1669.4529        45.8469        -139702.1501      7560.1634         0.0000         0.0000         0.0000        -129339.2276         0.0000   -129339.2276   -129339.2276         0.0000          12940.6042     -5049.2662    424529.9502     12940.6042     -5049.2662

MINIMIZER RESTARTING CONJUGATE GRADIENT ALGORITHM DUE TO POOR PROGRESS
LINE MINIMIZER REDUCING GRADIENT FROM 1.69526e+06 TO 1695.26
ENERGY:      58       202.0912       592.9282      1668.1122        38.6675        -139753.5082      7552.0807         0.0000         0.0000         0.0000        -129699.6285         0.0000   -129699.6285   -129699.6285         0.0000          13082.2251     -4887.0755    424529.9502     13082.2251     -4887.0755

ENERGY:      59       194.5850       535.8837      1668.2831        33.9913        -139804.9326      7545.9329         0.0000         0.0000         0.0000        -129826.2567         0.0000   -129826.2567   -129826.2567         0.0000          13198.8354     -4755.6652    424529.9502     13198.8354     -4755.6652

ETITLE:      TS           BOND          ANGLE          DIHED          IMPRP               ELECT            VDW       BOUNDARY           MISC        KINETIC               TOTAL           TEMP      POTENTIAL         TOTAL3        TEMPAVG            PRESSURE      GPRESSURE         VOLUME       PRESSAVG      GPRESSAVG

ENERGY:      60       356.2487       534.9453      1669.9240        31.6211        -139856.4360      7541.6144         0.0000         0.0000         0.0000        -129722.0824         0.0000   -129722.0824   -129722.0824         0.0000          13290.7038     -4654.6642    424529.9502     13290.7038     -4654.6642

LINE MINIMIZER BRACKET: DX 0.000282064 0.000282064 DU -126.628 104.174 DUDX -861756 -38065.3 774378 
ENERGY:      61       203.2628       533.1864      1668.3822        33.6535        -139810.0811      7545.4197         0.0000         0.0000         0.0000        -129826.1765         0.0000   -129826.1765   -129826.1765         0.0000          13209.1264     -4744.2062    424529.9502     13209.1264     -4744.2062

LINE MINIMIZER BRACKET: DX 0.000282064 2.82064e-05 DU -126.628 0.0802165 DUDX -861756 -38065.3 43678.8 
ENERGY:      62       198.4117       534.5592      1668.3274        33.8313        -139807.3278      7545.6917         0.0000         0.0000         0.0000        -129826.5064         0.0000   -129826.5064   -129826.5064         0.0000          13203.6534     -4750.2959    424529.9502     13203.6534     -4750.2959

LINE MINIMIZER BRACKET: DX 1.31228e-05 1.50836e-05 DU -0.249749 0.329965 DUDX -38065.3 -35.5589 43678.8 
LINE MINIMIZER REDUCING GRADIENT FROM 372253 TO 372.253
ENERGY:      63       232.1320       563.7633      1669.1006        32.2162        -140193.2263      7512.7837         0.0000         0.0000         0.0000        -130183.2305         0.0000   -130183.2305   -130183.2305         0.0000          12934.6794     -5080.7018    424529.9502     12934.6794     -5080.7018

ENERGY:      64       569.2551       663.6836      1673.2334        36.1417        -140570.4346      7490.8402         0.0000         0.0000         0.0000        -130137.2806         0.0000   -130137.2806   -130137.2806         0.0000          12630.4018     -5450.9771    424529.9502     12630.4018     -5450.9771

LINE MINIMIZER BRACKET: DX 0.00149589 0.00149589 DU -356.724 45.95 DUDX -372253 -104428 165817 
ENERGY:      65       326.3663       593.9659      1670.3069        33.0331        -140339.9720      7502.9183         0.0000         0.0000         0.0000        -130213.3815         0.0000   -130213.3815   -130213.3815         0.0000          12821.2455     -5219.0952    424529.9502     12821.2455     -5219.0952

LINE MINIMIZER BRACKET: DX 0.000577942 0.000917944 DU -30.151 76.101 DUDX -104428 -327.166 165817 
LINE MINIMIZER REDUCING GRADIENT FROM 1.48274e+06 TO 1482.74
ENERGY:      66       174.6178       562.6577      1666.9959        30.4904        -140626.6415      7460.4930         0.0000         0.0000         0.0000        -130731.3868         0.0000   -130731.3868   -130731.3868         0.0000          12950.5602     -5101.0743    424529.9502     12950.5602     -5101.0743

ENERGY:      67       294.2308       575.8173      1664.7774        29.0674        -140908.9083      7422.4663         0.0000         0.0000         0.0000        -130922.5491         0.0000   -130922.5491   -130922.5491         0.0000          13048.2534     -5016.6293    424529.9502     13048.2534     -5016.6293

ENERGY:      68       686.8257       631.5043      1663.5875        28.5884        -141186.6431      7388.6753         0.0000         0.0000         0.0000        -130787.4619         0.0000   -130787.4619   -130787.4619         0.0000          13114.1552     -4965.8273    424529.9502     13114.1552     -4965.8273

LINE MINIMIZER BRACKET: DX 0.00045974 0.00045974 DU -191.162 135.087 DUDX -771280 -61077.7 647913 
ENERGY:      69       321.1839       579.5000      1664.6133        28.9792        -140936.8505      7418.8984         0.0000         0.0000         0.0000        -130923.6756         0.0000   -130923.6756   -130923.6756         0.0000          13056.2767     -5010.0315    424529.9502     13056.2767     -5010.0315

LINE MINIMIZER BRACKET: DX 4.5974e-05 0.000413766 DU -1.12648 136.214 DUDX -61077.7 9871.17 647913 
ETITLE:      TS           BOND          ANGLE          DIHED          IMPRP               ELECT            VDW       BOUNDARY           MISC        KINETIC               TOTAL           TEMP      POTENTIAL         TOTAL3        TEMPAVG            PRESSURE      GPRESSURE         VOLUME       PRESSAVG      GPRESSAVG

ENERGY:      70       317.1459       578.9451      1664.6362        28.9913        -140932.8357      7419.4081         0.0000         0.0000         0.0000        -130923.7090         0.0000   -130923.7090   -130923.7090         0.0000          13055.1436     -5010.9584    424529.9502     13055.1436     -5010.9584

LINE MINIMIZER BRACKET: DX 3.93728e-05 6.60122e-06 DU -1.15988 0.033393 DUDX -61077.7 -316.142 9871.17 
LINE MINIMIZER REDUCING GRADIENT FROM 1.21054e+06 TO 1210.54
ENERGY:      71       204.2734       559.4462      1667.1818        30.6528        -141392.3065      7388.9117         0.0000         0.0000         0.0000        -131541.8406         0.0000   -131541.8406   -131541.8406         0.0000          12853.6610     -5305.0066    424529.9502     12853.6610     -5305.0066

ENERGY:      72       393.8101       601.6138      1672.3223        36.1114        -141839.4497      7367.2974         0.0000         0.0000         0.0000        -131768.2946         0.0000   -131768.2946   -131768.2946         0.0000          12617.9501     -5636.6849    424529.9502     12617.9501     -5636.6849

ENERGY:      73       883.3703       708.1146      1680.2573        45.9630        -142273.7565      7354.9882         0.0000         0.0000         0.0000        -131601.0631         0.0000   -131601.0631   -131601.0631         0.0000          12348.5010     -6005.5996    424529.9502     12348.5010     -6005.5996

LINE MINIMIZER BRACKET: DX 0.000671885 0.000671885 DU -226.454 167.231 DUDX -629316 -45514.1 540929 
ENERGY:      74       429.3011       609.3105      1672.9869        36.8869        -141883.2968      7365.6376         0.0000         0.0000         0.0000        -131769.1739         0.0000   -131769.1739   -131769.1739         0.0000          12592.5254     -5671.8810    424529.9502     12592.5254     -5671.8810

LINE MINIMIZER BRACKET: DX 6.71885e-05 0.000604696 DU -0.879271 168.111 DUDX -45514.1 12979.7 540929 
ENERGY:      75       420.1825       607.3313      1672.8187        36.6896        -141872.3487      7366.0415         0.0000         0.0000         0.0000        -131769.2850         0.0000   -131769.2850   -131769.2850         0.0000          12598.8884     -5663.0778    424529.9502     12598.8884     -5663.0778

LINE MINIMIZER BRACKET: DX 5.04602e-05 1.67282e-05 DU -0.990415 0.111144 DUDX -45514.1 -1593.88 12979.7 
ENERGY:      76       421.0860       607.5275      1672.8354        36.7092        -141873.4447      7366.0009         0.0000         0.0000         0.0000        -131769.2857         0.0000   -131769.2857   -131769.2857         0.0000          12598.2520     -5663.9581    424529.9502     12598.2520     -5663.9581

LINE MINIMIZER BRACKET: DX 1.67282e-06 1.50554e-05 DU -0.000700183 0.111845 DUDX -1593.88 -136.6 12979.7 
LINE MINIMIZER REDUCING GRADIENT FROM 1.6284e+06 TO 1628.4
ENERGY:      77       215.7218       569.6287      1669.5729        37.4874        -142705.9588      7313.4771         0.0000         0.0000         0.0000        -132900.0709         0.0000   -132900.0709   -132900.0709         0.0000          12709.7823     -5634.3203    424529.9502     12709.7823     -5634.3203

ENERGY:      78       330.3774       599.8820      1669.1777        42.9779        -143484.0978      7294.7866         0.0000         0.0000         0.0000        -133546.8963         0.0000   -133546.8963   -133546.8963         0.0000          12802.2358     -5622.5513    424529.9502     12802.2358     -5622.5513

ENERGY:      79       763.8296       697.2198      1671.5061        52.5456        -144204.9670      7313.8585         0.0000         0.0000         0.0000        -133706.0074         0.0000   -133706.0074   -133706.0074         0.0000          12878.4234     -5625.7419    424529.9502     12878.4234     -5625.7419

ETITLE:      TS           BOND          ANGLE          DIHED          IMPRP               ELECT            VDW       BOUNDARY           MISC        KINETIC               TOTAL           TEMP      POTENTIAL         TOTAL3        TEMPAVG            PRESSURE      GPRESSURE         VOLUME       PRESSAVG      GPRESSAVG

ENERGY:      80      1513.7103       860.5123      1676.4116        65.7274        -144866.3567      7377.5430         0.0000         0.0000         0.0000        -133372.4521         0.0000   -133372.4521   -133372.4521         0.0000          12943.1391     -5639.2920    424529.9502     12943.1391     -5639.2920

LINE MINIMIZER BRACKET: DX 0.000842312 0.000842312 DU -159.111 333.555 DUDX -481796 98616.2 685611 
ENERGY:      81       666.9131       675.7689      1670.9184        50.6359        -144083.7345      7307.6214         0.0000         0.0000         0.0000        -133711.8769         0.0000   -133711.8769   -133711.8769         0.0000          12866.4127     -5624.1575    424529.9502     12866.4127     -5624.1575

LINE MINIMIZER BRACKET: DX 0.000697857 0.000144455 DU -164.981 5.86952 DUDX -481796 -1836.55 98616.2 
ENERGY:      82       676.1837       677.8224      1670.9736        50.8220        -144095.7747      7308.1843         0.0000         0.0000         0.0000        -133711.7888         0.0000   -133711.7888   -133711.7888         0.0000          12867.6368     -5624.2885    424529.9502     12867.6368     -5624.2885

LINE MINIMIZER BRACKET: DX 0.000697857 1.44455e-05 DU -164.981 0.0881282 DUDX -481796 -1836.55 8152.29 
ENERGY:      83       667.9808       676.0054      1670.9247        50.6574        -144085.1292      7307.6858         0.0000         0.0000         0.0000        -133711.8749         0.0000   -133711.8749   -133711.8749         0.0000          12866.5536     -5624.1732    424529.9502     12866.5536     -5624.1732

LINE MINIMIZER BRACKET: DX 0.000697857 1.67122e-06 DU -164.981 0.00195778 DUDX -481796 -1836.55 -681.09 
ENERGY:      84       666.9131       675.7688      1670.9184        50.6359        -144083.7342      7307.6213         0.0000         0.0000         0.0000        -133711.8766         0.0000   -133711.8766   -133711.8766         0.0000          12866.4127     -5624.1574    424529.9502     12866.4127     -5624.1574

LINE MINIMIZER REDUCING GRADIENT FROM 3.23493e+06 TO 3234.93
ENERGY:      85       298.9924       627.4343      1672.0914        50.5750        -144498.3527      7331.7921         0.0000         0.0000         0.0000        -134517.4674         0.0000   -134517.4674   -134517.4674         0.0000          12704.7967     -5863.8689    424529.9502     12704.7967     -5863.8689

ENERGY:      86       236.9223       623.7586      1673.8542        51.1254        -144893.4367      7369.1594         0.0000         0.0000         0.0000        -134938.6167         0.0000   -134938.6167   -134938.6167         0.0000          12514.4132     -6130.8345    424529.9502     12514.4132     -6130.8345

ENERGY:      87       478.0677       667.7090      1676.3211        52.6199        -145268.4174      7420.9601         0.0000         0.0000         0.0000        -134972.7396         0.0000   -134972.7396   -134972.7396         0.0000          12296.3122     -6424.0829    424529.9502     12296.3122     -6424.0829

ENERGY:      88      1019.4227       762.5369      1679.5065        55.8456        -145622.8664      7488.7897         0.0000         0.0000         0.0000        -134616.7650         0.0000   -134616.7650   -134616.7650         0.0000          12051.7197     -6742.5192    424529.9502     12051.7197     -6742.5192

LINE MINIMIZER BRACKET: DX 0.000308221 0.000308221 DU -34.123 355.975 DUDX -741732 517693 1.78878e+06 
ENERGY:      89       342.1971       643.6326      1675.2162        51.8556        -145116.0860      7397.7717         0.0000         0.0000         0.0000        -135005.4127         0.0000   -135005.4127   -135005.4127         0.0000          12389.4545     -6300.1595    424529.9502     12389.4545     -6300.1595

LINE MINIMIZER BRACKET: DX 0.000181261 0.00012696 DU -66.7961 32.6731 DUDX -741732 -2458.89 517693 
LINE MINIMIZER REDUCING GRADIENT FROM 1.44047e+06 TO 1440.47
ETITLE:      TS           BOND          ANGLE          DIHED          IMPRP               ELECT            VDW       BOUNDARY           MISC        KINETIC               TOTAL           TEMP      POTENTIAL         TOTAL3        TEMPAVG            PRESSURE      GPRESSURE         VOLUME       PRESSAVG      GPRESSAVG

ENERGY:      90       197.6725       594.4362      1671.2893        36.4356        -145438.5006      7393.6276         0.0000         0.0000         0.0000        -135545.0394         0.0000   -135545.0394   -135545.0394         0.0000          12555.5801     -6149.3317    424529.9502     12555.5801     -6149.3317

ENERGY:      91       344.6739       608.0887      1672.2575        30.2239        -145748.1164      7398.9589         0.0000         0.0000         0.0000        -135693.9135         0.0000   -135693.9135   -135693.9135         0.0000          12687.3754     -6036.8613    424529.9502     12687.3754     -6036.8613

ENERGY:      92       782.6434       683.2119      1677.5653        30.7895        -146044.6517      7413.6940         0.0000         0.0000         0.0000        -135456.7476         0.0000   -135456.7476   -135456.7476         0.0000          12784.8679     -5961.9422    424529.9502     12784.8679     -5961.9422

LINE MINIMIZER BRACKET: DX 0.000511433 0.000511433 DU -148.874 237.166 DUDX -671876 87648.3 838171 
ENERGY:      93       312.7549       603.3279      1671.9114        30.5630        -145712.8744      7397.8589         0.0000         0.0000         0.0000        -135696.4582         0.0000   -135696.4582   -135696.4582         0.0000          12673.8835     -6047.9394    424529.9502     12673.8835     -6047.9394

LINE MINIMIZER BRACKET: DX 0.000452255 5.9178e-05 DU -151.419 2.54463 DUDX -671876 149.587 87648.3 
LINE MINIMIZER REDUCING GRADIENT FROM 717010 TO 717.01
ENERGY:      94       221.4063       605.4520      1672.7979        30.2549        -146064.4750      7396.5914         0.0000         0.0000         0.0000        -136137.9726         0.0000   -136137.9726   -136137.9726         0.0000          12439.2823     -6347.2883    424529.9502     12439.2823     -6347.2883

ENERGY:      95       570.6342       682.6984      1675.9128        34.2016        -146402.4257      7418.6998         0.0000         0.0000         0.0000        -136020.2789         0.0000   -136020.2789   -136020.2789         0.0000          12163.1601     -6692.1849    424529.9502     12163.1601     -6692.1849

LINE MINIMIZER BRACKET: DX 0.00100652 0.00100652 DU -441.514 117.694 DUDX -717010 -161059 393470 
ENERGY:      96       277.3190       619.9758      1673.4660        30.9170        -146163.7610      7400.7453         0.0000         0.0000         0.0000        -136161.3380         0.0000   -136161.3380   -136161.3380         0.0000          12363.6586     -6442.4360    424529.9502     12363.6586     -6442.4360

LINE MINIMIZER BRACKET: DX 0.000291575 0.000714949 DU -23.3653 141.059 DUDX -161059 -386.07 393470 
LINE MINIMIZER REDUCING GRADIENT FROM 817242 TO 817.242
ENERGY:      97       236.3509       615.0094      1672.1657        31.0890        -146623.2386      7389.2439         0.0000         0.0000         0.0000        -136679.3798         0.0000   -136679.3798   -136679.3798         0.0000          12505.4762     -6321.6897    424529.9502     12505.4762     -6321.6897

ENERGY:      98       621.5500       681.3646      1673.0205        34.2529        -147061.6168      7405.9306         0.0000         0.0000         0.0000        -136645.4982         0.0000   -136645.4982   -136645.4982         0.0000          12611.2286     -6238.1502    424529.9502     12611.2286     -6238.1502

LINE MINIMIZER BRACKET: DX 0.000973862 0.000973862 DU -518.042 33.8815 DUDX -817242 -247981 316554 
ENERGY:      99       352.5816       635.5681      1672.2883        32.1477        -146818.0770      7393.3197         0.0000         0.0000         0.0000        -136732.1717         0.0000   -136732.1717   -136732.1717         0.0000          12556.4305     -6280.3628    424529.9502     12556.4305     -6280.3628

LDB: ============= START OF LOAD BALANCING ============== 50.829
LDB: ============== END OF LOAD BALANCING =============== 50.829
LDB: =============== DONE WITH MIGRATION ================ 50.8291
LINE MINIMIZER BRACKET: DX 0.000427021 0.00054684 DU -52.7919 86.6734 DUDX -247981 -63.3821 316554 
LINE MINIMIZER REDUCING GRADIENT FROM 1.12378e+06 TO 1123.78
TIMING: 100  CPU: 28.4732, 0.279283/step  Wall: 28.4738, 0.279289/step, 0.0310321 hours remaining, 23.724424 MB of memory in use.
PERFORMANCE: 100  averaging 0.618714 ns/day, 0.279289 sec/step with standard deviation 0
ETITLE:      TS           BOND          ANGLE          DIHED          IMPRP               ELECT            VDW       BOUNDARY           MISC        KINETIC               TOTAL           TEMP      POTENTIAL         TOTAL3        TEMPAVG            PRESSURE      GPRESSURE         VOLUME       PRESSAVG      GPRESSAVG

ENERGY:     100       227.4183       604.0673      1672.0324        33.2535        -147262.1534      7417.5607         0.0000         0.0000         0.0000        -137307.8213         0.0000   -137307.8213   -137307.8213         0.0000          12461.9129     -6445.1674    424529.9502     12461.9129     -6445.1674

ENERGY:     101       284.0894       607.1624      1672.9841        36.5891        -147687.1154      7461.8251         0.0000         0.0000         0.0000        -137624.4653         0.0000   -137624.4653   -137624.4653         0.0000          12356.8518     -6620.2359    424529.9502     12356.8518     -6620.2359

ENERGY:     102       523.3651       644.9943      1675.2243        42.4206        -148092.0174      7526.4485         0.0000         0.0000         0.0000        -137679.5645         0.0000   -137679.5645   -137679.5645         0.0000          12241.5829     -6805.1555    424529.9502     12241.5829     -6805.1555

ENERGY:     103       945.6741       717.8218      1678.7920        51.0826        -148476.1356      7612.7077         0.0000         0.0000         0.0000        -137470.0575         0.0000   -137470.0575   -137470.0575         0.0000          12116.9304     -6999.0955    424529.9502     12116.9304     -6999.0955

LINE MINIMIZER BRACKET: DX 0.000626945 0.000626945 DU -55.0992 209.507 DUDX -297827 121081 545213 
ENERGY:     104       435.2185       630.4407      1674.4401        40.4556        -147976.5722      7505.5599         0.0000         0.0000         0.0000        -137690.4575         0.0000   -137690.4575   -137690.4575         0.0000          12276.0043     -6750.5780    424529.9502     12276.0043     -6750.5780

LINE MINIMIZER BRACKET: DX 0.00044531 0.000181635 DU -65.9922 10.893 DUDX -297827 -888.778 121081 
LINE MINIMIZER REDUCING GRADIENT FROM 1.44676e+06 TO 1446.76
ENERGY:     105       263.7115       617.9984      1673.2369        38.9537        -148389.3098      7560.4705         0.0000         0.0000         0.0000        -138234.9388         0.0000   -138234.9388   -138234.9388         0.0000          12406.5877     -6668.0531    424529.9502     12406.5877     -6668.0531

ENERGY:     106       316.4417       643.7850      1673.1645        38.9279        -148780.1430      7635.3197         0.0000         0.0000         0.0000        -138472.5042         0.0000   -138472.5042   -138472.5042         0.0000          12521.3223     -6599.4130    424529.9502     12521.3223     -6599.4130

ENERGY:     107       593.6809       707.2947      1674.2047        40.2346        -149148.3303      7732.4109         0.0000         0.0000         0.0000        -138400.5045         0.0000   -138400.5045   -138400.5045         0.0000          12621.7717     -6542.9649    424529.9502     12621.7717     -6542.9649

LINE MINIMIZER BRACKET: DX 0.000481992 0.000481992 DU -237.565 71.9996 DUDX -812471 -173651 471851 
ENERGY:     108       368.8899       657.1655      1673.3369        39.1528        -148881.3050      7659.1017         0.0000         0.0000         0.0000        -138483.6582         0.0000   -138483.6582   -138483.6582         0.0000          12549.6339     -6583.1357    424529.9502     12549.6339     -6583.1357

LINE MINIMIZER BRACKET: DX 0.000129552 0.00035244 DU -11.154 83.1537 DUDX -173651 -973.273 471851 
LINE MINIMIZER REDUCING GRADIENT FROM 1.02829e+06 TO 1028.29
ENERGY:     109       219.4271       638.6470      1673.5868        34.7521        -149220.1473      7732.2684         0.0000         0.0000         0.0000        -138921.4660         0.0000   -138921.4660   -138921.4660         0.0000          12545.8530     -6657.0178    424529.9502     12545.8530     -6657.0178

ETITLE:      TS           BOND          ANGLE          DIHED          IMPRP               ELECT            VDW       BOUNDARY           MISC        KINETIC               TOTAL           TEMP      POTENTIAL         TOTAL3        TEMPAVG            PRESSURE      GPRESSURE         VOLUME       PRESSAVG      GPRESSAVG

ENERGY:     110       348.5722       663.5616      1675.2513        32.4629        -149540.7889      7823.5371         0.0000         0.0000         0.0000        -138997.4038         0.0000   -138997.4038   -138997.4038         0.0000          12518.1907     -6755.3121    424529.9502     12518.1907     -6755.3121

ENERGY:     111       755.5476       733.4459      1678.4418        32.6470        -149842.6507      7934.7677         0.0000         0.0000         0.0000        -138707.8008         0.0000   -138707.8008   -138707.8008         0.0000          12467.9488     -6876.5714    424529.9502     12467.9488     -6876.5714

LINE MINIMIZER BRACKET: DX 0.00060057 0.00060057 DU -75.9378 289.603 DUDX -428975 175753 786260 
ENERGY:     112       282.3117       651.7533      1674.6148        32.8914        -149449.3379      7795.0327         0.0000         0.0000         0.0000        -139012.7340         0.0000   -139012.7340   -139012.7340         0.0000          12528.6336     -6724.2714    424529.9502     12528.6336     -6724.2714

LINE MINIMIZER BRACKET: DX 0.000425928 0.000174642 DU -91.2681 15.3303 DUDX -428975 -738.19 175753 
LINE MINIMIZER REDUCING GRADIENT FROM 682208 TO 682.208
ENERGY:     113       230.9992       641.8972      1675.8758        29.9311        -149836.8261      7854.1856         0.0000         0.0000         0.0000        -139403.9372         0.0000   -139403.9372   -139403.9372         0.0000          12641.0827     -6651.7393    424529.9502     12641.0827     -6651.7393

ENERGY:     114       542.6552       694.1154      1679.0806        30.7281        -150204.3097      7937.3984         0.0000         0.0000         0.0000        -139320.3320         0.0000   -139320.3320   -139320.3320         0.0000          12720.9072     -6612.5847    424529.9502     12720.9072     -6612.5847

LINE MINIMIZER BRACKET: DX 0.000921361 0.000921361 DU -391.203 83.6052 DUDX -682208 -167198 348354 
ENERGY:     115       292.0065       652.2257      1676.6940        29.7761        -149958.0980      7878.5877         0.0000         0.0000         0.0000        -139428.8080         0.0000   -139428.8080   -139428.8080         0.0000          12670.6017     -6635.3277    424529.9502     12670.6017     -6635.3277

LINE MINIMIZER BRACKET: DX 0.000298617 0.000622744 DU -24.8708 108.476 DUDX -167198 -219.374 348354 
LINE MINIMIZER REDUCING GRADIENT FROM 662074 TO 662.074
ENERGY:     116       249.9912       651.3029      1674.1729        30.6212        -150380.6679      7944.3900         0.0000         0.0000         0.0000        -139830.1896         0.0000   -139830.1896   -139830.1896         0.0000          12677.0052     -6685.7685    424529.9502     12677.0052     -6685.7685

ENERGY:     117       528.6603       707.4798      1673.0865        33.6024        -150782.4913      8038.7296         0.0000         0.0000         0.0000        -139800.9328         0.0000   -139800.9328   -139800.9328         0.0000          12660.1272     -6758.6905    424529.9502     12660.1272     -6758.6905

LINE MINIMIZER BRACKET: DX 0.000932434 0.000932434 DU -401.382 29.2568 DUDX -662074 -199401 261841 
ENERGY:     118       331.1111       668.5003      1673.5176        31.6400        -150556.8238      7981.7857         0.0000         0.0000         0.0000        -139870.2692         0.0000   -139870.2692   -139870.2692         0.0000          12672.6678     -6714.4361    424529.9502     12672.6678     -6714.4361

LINE MINIMIZER BRACKET: DX 0.00040283 0.000529605 DU -40.0796 69.3364 DUDX -199401 -109.693 261841 
LINE MINIMIZER REDUCING GRADIENT FROM 758278 TO 758.278
ENERGY:     119       244.4147       656.8114      1674.4908        32.2376        -151020.8524      8088.8662         0.0000         0.0000         0.0000        -140324.0315         0.0000   -140324.0315   -140324.0315         0.0000          12693.9957     -6745.4466    424529.9502     12693.9957     -6745.4466

ETITLE:      TS           BOND          ANGLE          DIHED          IMPRP               ELECT            VDW       BOUNDARY           MISC        KINETIC               TOTAL           TEMP      POTENTIAL         TOTAL3        TEMPAVG            PRESSURE      GPRESSURE         VOLUME       PRESSAVG      GPRESSAVG

ENERGY:     120       470.3321       695.8400      1676.9144        35.1447        -151456.9773      8229.0490         0.0000         0.0000         0.0000        -140349.6971         0.0000   -140349.6971   -140349.6971         0.0000          12696.8765     -6793.5848    424529.9502     12696.8765     -6793.5848

ENERGY:     121      1010.7311       784.4985      1680.7598        40.4126        -151863.7451      8403.8419         0.0000         0.0000         0.0000        -139943.5013         0.0000   -139943.5013   -139943.5013         0.0000          12682.2784     -6857.5146    424529.9502     12682.2784     -6857.5146

LINE MINIMIZER BRACKET: DX 0.000879676 0.000879676 DU -25.6655 406.196 DUDX -273201 215054 708376 
ENERGY:     122       332.2059       672.4834      1675.6725        33.5781        -151268.2390      8163.2026         0.0000         0.0000         0.0000        -140391.0965         0.0000   -140391.0965   -140391.0965         0.0000          12697.8533     -6770.3145    424529.9502     12697.8533     -6770.3145

LINE MINIMIZER BRACKET: DX 0.000492382 0.000387294 DU -67.0649 41.3994 DUDX -273201 -621.702 215054 
LINE MINIMIZER REDUCING GRADIENT FROM 818397 TO 818.397
ENERGY:     123       242.3844       643.6571      1675.3569        32.0645        -151687.1483      8286.7090         0.0000         0.0000         0.0000        -140806.9763         0.0000   -140806.9763   -140806.9763         0.0000          12806.7588     -6717.0922    424529.9502     12806.7588     -6717.0922

ENERGY:     124       450.8313       662.2061      1676.4350        32.8746        -152079.3636      8439.5143         0.0000         0.0000         0.0000        -140817.5024         0.0000   -140817.5024   -140817.5024         0.0000          12896.4528     -6680.9825    424529.9502     12896.4528     -6680.9825

ENERGY:     125       955.3663       729.8107      1678.7793        35.8876        -152443.6356      8624.4044         0.0000         0.0000         0.0000        -140419.3874         0.0000   -140419.3874   -140419.3874         0.0000          12968.9418     -6659.6518    424529.9502     12968.9418     -6659.6518

LINE MINIMIZER BRACKET: DX 0.000754661 0.000754661 DU -10.526 398.115 DUDX -283320 255655 799383 
ENERGY:     126       314.9336       647.4050      1675.7611        32.2091        -151896.5863      8363.2542         0.0000         0.0000         0.0000        -140863.0233         0.0000   -140863.0233   -140863.0233         0.0000          12856.2056     -6696.0992    424529.9502     12856.2056     -6696.0992

LINE MINIMIZER BRACKET: DX 0.000396852 0.000357809 DU -56.0469 45.5209 DUDX -283320 -596.344 255655 
LINE MINIMIZER REDUCING GRADIENT FROM 629508 TO 629.508
ENERGY:     127       242.8352       653.8450      1675.5523        33.0129        -152308.1877      8492.6752         0.0000         0.0000         0.0000        -141210.2671         0.0000   -141210.2671   -141210.2671         0.0000          12877.3689     -6732.9711    424529.9502     12877.3689     -6732.9711

ENERGY:     128       515.4636       715.6256      1676.7480        36.0725        -152694.5980      8646.9611         0.0000         0.0000         0.0000        -141103.7272         0.0000   -141103.7272   -141103.7272         0.0000          12869.8880     -6797.9774    424529.9502     12869.8880     -6797.9774

LINE MINIMIZER BRACKET: DX 0.000911489 0.000911489 DU -347.244 106.54 DUDX -629508 -132210 366425 
ENERGY:     129       281.6825       664.8463      1675.7307        33.5985        -152413.1730      8531.1143         0.0000         0.0000         0.0000        -141226.2007         0.0000   -141226.2007   -141226.2007         0.0000          12878.1206     -6747.5360    424529.9502     12878.1206     -6747.5360

LINE MINIMIZER BRACKET: DX 0.000241891 0.000669598 DU -15.9336 122.473 DUDX -132210 12.2676 366425 
LINE MINIMIZER REDUCING GRADIENT FROM 547925 TO 547.925
ETITLE:      TS           BOND          ANGLE          DIHED          IMPRP               ELECT            VDW       BOUNDARY           MISC        KINETIC               TOTAL           TEMP      POTENTIAL         TOTAL3        TEMPAVG            PRESSURE      GPRESSURE         VOLUME       PRESSAVG      GPRESSAVG

ENERGY:     130       252.3102       658.3627      1674.3729        30.1746        -152806.0060      8634.8436         0.0000         0.0000         0.0000        -141555.9419         0.0000   -141555.9419   -141555.9419         0.0000          13043.6360     -6647.2084    424529.9502     13043.6360     -6647.2084

ENERGY:     131       491.2962       696.9938      1675.3352        29.8102        -153177.1558      8760.4894         0.0000         0.0000         0.0000        -141523.2309         0.0000   -141523.2309   -141523.2309         0.0000          13188.6598     -6566.7039    424529.9502     13188.6598     -6566.7039

LINE MINIMIZER BRACKET: DX 0.000932194 0.000932194 DU -329.741 32.711 DUDX -547925 -159423 229577 
ENERGY:     132       317.9241       668.6666      1674.4886        29.6782        -152960.7304      8683.6310         0.0000         0.0000         0.0000        -141586.3419         0.0000   -141586.3419   -141586.3419         0.0000          13105.5076     -6611.8910    424529.9502     13105.5076     -6611.8910

LINE MINIMIZER BRACKET: DX 0.000382013 0.000550181 DU -30.4 63.111 DUDX -159423 -57.484 229577 
MINIMIZER RESTARTING CONJUGATE GRADIENT ALGORITHM
LINE MINIMIZER REDUCING GRADIENT FROM 611645 TO 611.645
ENERGY:     133       228.4860       651.4365      1675.1933        29.5721        -152974.7993      8678.7262         0.0000         0.0000         0.0000        -141711.3852         0.0000   -141711.3852   -141711.3852         0.0000          13046.9764     -6669.0603    424529.9502     13046.9764     -6669.0603

ENERGY:     134       387.0049       672.8911      1676.5957        30.0961        -152988.6719      8675.3077         0.0000         0.0000         0.0000        -141546.7764         0.0000   -141546.7764   -141546.7764         0.0000          12957.4688     -6758.9640    424529.9502     12957.4688     -6758.9640

LINE MINIMIZER BRACKET: DX 0.000440818 0.000440818 DU -125.043 164.609 DUDX -611645 44615.6 702463 
ENERGY:     135       226.2961       651.4051      1675.0918        29.5551        -152973.4011      8679.1496         0.0000         0.0000         0.0000        -141711.9034         0.0000   -141711.9034   -141711.9034         0.0000          13054.2210     -6661.8733    424529.9502     13054.2210     -6661.8733

LINE MINIMIZER BRACKET: DX 0.000396736 4.40818e-05 DU -125.562 0.518155 DUDX -611645 -21086.3 44615.6 
ENERGY:     136       226.7289       651.3729      1675.1236        29.5599        -152973.8515      8679.0121         0.0000         0.0000         0.0000        -141712.0541         0.0000   -141712.0541   -141712.0541         0.0000          13051.9272     -6664.1467    424529.9502     13051.9272     -6664.1467

LINE MINIMIZER BRACKET: DX 1.4152e-05 2.99298e-05 DU -0.150688 0.668842 DUDX -21086.3 4.30506 44615.6 
LINE MINIMIZER REDUCING GRADIENT FROM 118088 TO 118.088
ENERGY:     137       271.5692       660.3352      1675.8942        32.9911        -153099.2544      8625.3000         0.0000         0.0000         0.0000        -141833.1647         0.0000   -141833.1647   -141833.1647         0.0000          12996.5859     -6736.4217    424529.9502     12996.5859     -6736.4217

ENERGY:     138       511.7297       736.2469      1681.0038        43.3848        -153216.6190      8590.6915         0.0000         0.0000         0.0000        -141653.5623         0.0000   -141653.5623   -141653.5623         0.0000          12922.4684     -6836.9374    424529.9502     12922.4684     -6836.9374

LINE MINIMIZER BRACKET: DX 0.00229669 0.00229669 DU -121.111 179.602 DUDX -118088 12636.1 143539 
ENERGY:     139       258.4055       656.3501      1675.6138        32.3309        -153086.9964      8629.7788         0.0000         0.0000         0.0000        -141834.5173         0.0000   -141834.5173   -141834.5173         0.0000          13002.9335     -6727.9473    424529.9502     13002.9335     -6727.9473

LINE MINIMIZER BRACKET: DX 0.00206702 0.000229669 DU -122.463 1.35259 DUDX -118088 -467.663 12636.1 
ETITLE:      TS           BOND          ANGLE          DIHED          IMPRP               ELECT            VDW       BOUNDARY           MISC        KINETIC               TOTAL           TEMP      POTENTIAL         TOTAL3        TEMPAVG            PRESSURE      GPRESSURE         VOLUME       PRESSAVG      GPRESSAVG

ENERGY:     140       259.6335       656.7163      1675.6398        32.3938        -153088.2194      8629.3227         0.0000         0.0000         0.0000        -141834.5133         0.0000   -141834.5133   -141834.5133         0.0000          13002.3059     -6728.7823    424529.9502     13002.3059     -6728.7823

LINE MINIMIZER BRACKET: DX 0.00206702 2.29669e-05 DU -122.463 0.00395237 DUDX -118088 -467.663 840.288 
ENERGY:     141       258.8520       656.4832      1675.6232        32.3538        -153087.4423      8629.6119         0.0000         0.0000         0.0000        -141834.5182         0.0000   -141834.5182   -141834.5182         0.0000          13002.7057     -6728.2509    424529.9502     13002.7057     -6728.2509

LINE MINIMIZER BRACKET: DX 8.39447e-06 1.45724e-05 DU -0.000895448 0.00484782 DUDX -467.663 10.3981 840.288 
LINE MINIMIZER REDUCING GRADIENT FROM 311112 TO 311.112
ENERGY:     142       241.2587       652.1883      1673.9705        33.3997        -153281.5167      8581.2770         0.0000         0.0000         0.0000        -142099.4224         0.0000   -142099.4224   -142099.4224         0.0000          12956.6722     -6796.6656    424529.9502     12956.6722     -6796.6656

ENERGY:     143       428.9237       702.9985      1673.6544        36.0273        -153462.8619      8557.0173         0.0000         0.0000         0.0000        -142064.2407         0.0000   -142064.2407   -142064.2407         0.0000          12897.5952     -6883.5673    424529.9502     12897.5952     -6883.5673

LINE MINIMIZER BRACKET: DX 0.00133948 0.00133948 DU -264.904 35.1816 DUDX -311112 -85070.5 137393 
ENERGY:     144       289.1723       664.8587      1673.6900        34.2140        -153352.2612      8569.2161         0.0000         0.0000         0.0000        -142121.1102         0.0000   -142121.1102   -142121.1102         0.0000          12935.6556     -6827.6604    424529.9502     12935.6556     -6827.6604

LINE MINIMIZER BRACKET: DX 0.000511741 0.000827737 DU -21.6878 56.8695 DUDX -85070.5 276.189 137393 
LINE MINIMIZER REDUCING GRADIENT FROM 408051 TO 408.051
ENERGY:     145       260.5471       640.3642      1672.9236        29.5262        -153535.6779      8553.7459         0.0000         0.0000         0.0000        -142378.5710         0.0000   -142378.5710   -142378.5710         0.0000          12945.2907     -6859.5193    424529.9502     12945.2907     -6859.5193

ENERGY:     146       400.2663       646.6226      1673.6002        27.0891        -153705.6571      8560.3575         0.0000         0.0000         0.0000        -142397.7214         0.0000   -142397.7214   -142397.7214         0.0000          12947.6583     -6898.5873    424529.9502     12947.6583     -6898.5873

ENERGY:     147       707.1812       684.8264      1675.6854        26.8969        -153862.3300      8592.2388         0.0000         0.0000         0.0000        -142175.5014         0.0000   -142175.5014   -142175.5014         0.0000          12944.8759     -6942.9943    424529.9502     12944.8759     -6942.9943

LINE MINIMIZER BRACKET: DX 0.000921655 0.000921655 DU -19.1504 222.22 DUDX -150430 108876 371937 
ENERGY:     148       321.1542       640.1872      1673.1424        27.8390        -153635.8551      8554.7095         0.0000         0.0000         0.0000        -142418.8229         0.0000   -142418.8229   -142418.8229         0.0000          12947.4184     -6881.4346    424529.9502     12947.4184     -6881.4346

LINE MINIMIZER BRACKET: DX 0.000534679 0.000386975 DU -40.2519 21.1015 DUDX -150430 -427.897 108876 
ENERGY:     149       327.7353       640.5804      1673.1770        27.7462        -153642.9350      8555.0798         0.0000         0.0000         0.0000        -142418.6162         0.0000   -142418.6162   -142418.6162         0.0000          12947.4908     -6883.1018    424529.9502     12947.4908     -6883.1018

LINE MINIMIZER BRACKET: DX 0.000534679 3.86975e-05 DU -40.2519 0.206625 DUDX -150430 -427.897 10468.6 
ETITLE:      TS           BOND          ANGLE          DIHED          IMPRP               ELECT            VDW       BOUNDARY           MISC        KINETIC               TOTAL           TEMP      POTENTIAL         TOTAL3        TEMPAVG            PRESSURE      GPRESSURE         VOLUME       PRESSAVG      GPRESSAVG

ENERGY:     150       321.7990       640.2240      1673.1458        27.8295        -153636.5637      8554.7446         0.0000         0.0000         0.0000        -142418.8207         0.0000   -142418.8207   -142418.8207         0.0000          12947.4267     -6881.6003    424529.9502     12947.4267     -6881.6003

LINE MINIMIZER BRACKET: DX 0.000534679 3.86975e-06 DU -40.2519 0.00211432 DUDX -150430 -427.897 661.485 
ENERGY:     151       321.2955       640.1952      1673.1432        27.8369        -153636.0104      8554.7171         0.0000         0.0000         0.0000        -142418.8224         0.0000   -142418.8224   -142418.8224         0.0000          12947.4205     -6881.4706    424529.9502     12947.4205     -6881.4706

LINE MINIMIZER BRACKET: DX 0.000534679 8.49794e-07 DU -40.2519 0.000435702 DUDX -150430 -427.897 -188.732 
ENERGY:     152       321.1542       640.1872      1673.1424        27.8390        -153635.8551      8554.7094         0.0000         0.0000         0.0000        -142418.8229         0.0000   -142418.8229   -142418.8229         0.0000          12947.4185     -6881.4345    424529.9502     12947.4185     -6881.4345

LINE MINIMIZER REDUCING GRADIENT FROM 583526 TO 583.526
ENERGY:     153       237.4793       632.4540      1672.9063        27.1221        -153799.0882      8569.4465         0.0000         0.0000         0.0000        -142659.6799         0.0000   -142659.6799   -142659.6799         0.0000          12987.4500     -6867.8660    424529.9502     12987.4500     -6867.8660

ENERGY:     154       312.5183       654.0753      1673.6709        28.1877        -153949.9850      8603.1763         0.0000         0.0000         0.0000        -142678.3564         0.0000   -142678.3564   -142678.3564         0.0000          13019.3578     -6862.7545    424529.9502     13019.3578     -6862.7545

ENERGY:     155       546.9704       704.4215      1675.3996        31.0327        -154088.4908      8659.2737         0.0000         0.0000         0.0000        -142471.3929         0.0000   -142471.3929   -142471.3929         0.0000          13045.3592     -6864.2643    424529.9502     13045.3592     -6864.2643

LINE MINIMIZER BRACKET: DX 0.000601863 0.000601863 DU -18.6765 206.964 DUDX -216644 153925 530026 
ENERGY:     156       261.9552       641.5576      1673.2336        27.5280        -153888.6551      8586.6174         0.0000         0.0000         0.0000        -142697.7633         0.0000   -142697.7633   -142697.7633         0.0000          13006.9178     -6863.9858    424529.9502     13006.9178     -6863.9858

LINE MINIMIZER BRACKET: DX 0.00035142 0.000250443 DU -38.0833 19.4068 DUDX -216644 -899.041 153925 
ENERGY:     157       265.7699       642.5844      1673.2697        27.5801        -153894.8778      8588.1041         0.0000         0.0000         0.0000        -142697.5695         0.0000   -142697.5695   -142697.5695         0.0000          13008.2155     -6863.8044    424529.9502     13008.2155     -6863.8044

LINE MINIMIZER BRACKET: DX 0.00035142 2.50443e-05 DU -38.0833 0.193785 DUDX -216644 -899.041 14539.1 
ENERGY:     158       262.3242       641.6580      1673.2371        27.5331        -153889.2795      8586.7645         0.0000         0.0000         0.0000        -142697.7625         0.0000   -142697.7625   -142697.7625         0.0000          13007.0468     -6863.9683    424529.9502     13007.0468     -6863.9683

LINE MINIMIZER BRACKET: DX 0.00035142 2.50443e-06 DU -38.0833 0.00073666 DUDX -216644 -899.041 644.392 
LINE MINIMIZER REDUCING GRADIENT FROM 400137 TO 400.137
ENERGY:     159       205.6760       639.5653      1671.1322        28.8000        -154038.0448      8598.6293         0.0000         0.0000         0.0000        -142894.2420         0.0000   -142894.2420   -142894.2420         0.0000          12993.3356     -6907.7786    424529.9502     12993.3356     -6907.7786

ETITLE:      TS           BOND          ANGLE          DIHED          IMPRP               ELECT            VDW       BOUNDARY           MISC        KINETIC               TOTAL           TEMP      POTENTIAL         TOTAL3        TEMPAVG            PRESSURE      GPRESSURE         VOLUME       PRESSAVG      GPRESSAVG

ENERGY:     160       242.4742       663.8709      1669.7181        30.9045        -154179.6813      8619.0694         0.0000         0.0000         0.0000        -142953.6442         0.0000   -142953.6442   -142953.6442         0.0000          12971.6972     -6960.2450    424529.9502     12971.6972     -6960.2450

ENERGY:     161       366.0498       718.5685      1668.9958        33.8427        -154314.1377      8648.3359         0.0000         0.0000         0.0000        -142878.3452         0.0000   -142878.3452   -142878.3452         0.0000          12942.6325     -7020.9136    424529.9502     12942.6325     -7020.9136

LINE MINIMIZER BRACKET: DX 0.000664076 0.000664076 DU -59.4021 75.299 DUDX -192129 12453.8 213325 
ENERGY:     162       234.7672       660.1450      1669.8286        30.6565        -154165.8014      8616.6308         0.0000         0.0000         0.0000        -142953.7733         0.0000   -142953.7733   -142953.7733         0.0000          12974.2046     -6954.6182    424529.9502     12974.2046     -6954.6182

LINE MINIMIZER BRACKET: DX 0.000597668 6.64076e-05 DU -59.5313 0.12915 DUDX -192129 -7861.85 12453.8 
ENERGY:     163       237.7511       661.6015      1669.7836        30.7549        -154171.3575      8617.5967         0.0000         0.0000         0.0000        -142953.8698         0.0000   -142953.8698   -142953.8698         0.0000          12973.2099     -6956.8613    424529.9502     12973.2099     -6956.8613

LINE MINIMIZER BRACKET: DX 2.6619e-05 3.97886e-05 DU -0.0964505 0.225601 DUDX -7861.85 279.328 12453.8 
LINE MINIMIZER REDUCING GRADIENT FROM 350643 TO 350.643
ENERGY:     164       234.3652       621.5690      1669.7469        30.3074        -154403.3730      8637.8075         0.0000         0.0000         0.0000        -143209.5771         0.0000   -143209.5771   -143209.5771         0.0000          13024.2492     -6928.7639    424529.9502     13024.2492     -6928.7639

ENERGY:     165       351.7033       622.3491      1671.9341        33.3803        -154623.0794      8676.9169         0.0000         0.0000         0.0000        -143266.7958         0.0000   -143266.7958   -143266.7958         0.0000          13068.9598     -6909.9142    424529.9502     13068.9598     -6909.9142

ENERGY:     166       594.4687       661.3866      1676.1123        39.9224        -154830.1845      8734.3952         0.0000         0.0000         0.0000        -143123.8992         0.0000   -143123.8992   -143123.8992         0.0000          13106.7288     -6900.7755    424529.9502     13106.7288     -6900.7755

LINE MINIMIZER BRACKET: DX 0.00101145 0.00101145 DU -57.2188 142.897 DUDX -154925 41947.6 240874 
ENERGY:     167       316.3500       618.9011      1671.2938        32.4332        -154577.2384      8667.0468         0.0000         0.0000         0.0000        -143271.2134         0.0000   -143271.2134   -143271.2134         0.0000          13060.0240     -6913.0984    424529.9502     13060.0240     -6913.0984

LINE MINIMIZER BRACKET: DX 0.00079612 0.000215329 DU -61.6363 4.41757 DUDX -154925 -167.528 41947.6 
LINE MINIMIZER REDUCING GRADIENT FROM 405884 TO 405.884
ENERGY:     168       230.3494       624.2106      1668.7296        34.4410        -154847.0044      8727.9380         0.0000         0.0000         0.0000        -143561.3356         0.0000   -143561.3356   -143561.3356         0.0000          13015.7042     -7007.7207    424529.9502     13015.7042     -7007.7207

ENERGY:     169       348.9792       680.2495      1668.7662        38.9006        -155096.2419      8820.1892         0.0000         0.0000         0.0000        -143539.1571         0.0000   -143539.1571   -143539.1571         0.0000          12963.8970     -7113.9862    424529.9502     12963.8970     -7113.9862

LINE MINIMIZER BRACKET: DX 0.00109753 0.00109753 DU -290.122 22.1785 DUDX -405884 -122755 162446 
ETITLE:      TS           BOND          ANGLE          DIHED          IMPRP               ELECT            VDW       BOUNDARY           MISC        KINETIC               TOTAL           TEMP      POTENTIAL         TOTAL3        TEMPAVG            PRESSURE      GPRESSURE         VOLUME       PRESSAVG      GPRESSAVG

ENERGY:     170       256.1810       642.0301      1668.4232        36.0453        -154956.5159      8763.6242         0.0000         0.0000         0.0000        -143590.2120         0.0000   -143590.2120   -143590.2120         0.0000          12994.3462     -7051.9443    424529.9502     12994.3462     -7051.9443

LINE MINIMIZER BRACKET: DX 0.000471195 0.00062633 DU -28.8763 51.0548 DUDX -122755 -704.636 162446 
ENERGY:     171       262.4577       645.1044      1668.4190        36.2933        -154970.7947      8768.8063         0.0000         0.0000         0.0000        -143589.7141         0.0000   -143589.7141   -143589.7141         0.0000          12991.4026     -7057.9856    424529.9502     12991.4026     -7057.9856

LINE MINIMIZER BRACKET: DX 0.000471195 6.2633e-05 DU -28.8763 0.497886 DUDX -122755 -704.636 15561.6 
ENERGY:     172       256.7787       642.3301      1668.4224        36.0697        -154957.9470      8764.1378         0.0000         0.0000         0.0000        -143590.2084         0.0000   -143590.2084   -143590.2084         0.0000          12994.0525     -7052.5470    424529.9502     12994.0525     -7052.5470

LINE MINIMIZER BRACKET: DX 0.000471195 6.2633e-06 DU -28.8763 0.00360385 DUDX -122755 -704.636 921.388 
ENERGY:     173       256.3449       642.1125      1668.4230        36.0520        -154956.9106      8763.7655         0.0000         0.0000         0.0000        -143590.2127         0.0000   -143590.2127   -143590.2127         0.0000          12994.2644     -7052.1111    424529.9502     12994.2644     -7052.1111

LINE MINIMIZER BRACKET: DX 1.72393e-06 4.53938e-06 DU -0.00077895 0.0043828 DUDX -704.636 -257.229 921.388 
LINE MINIMIZER REDUCING GRADIENT FROM 490128 TO 490.128
ENERGY:     174       213.2266       626.3762      1666.7561        30.6079        -155178.5231      8831.8061         0.0000         0.0000         0.0000        -143809.7502         0.0000   -143809.7502   -143809.7502         0.0000          13140.5793     -6923.2223    424529.9502     13140.5793     -6923.2223

ENERGY:     175       351.1678       639.6141      1666.8633        27.6868        -155387.4988      8918.2786         0.0000         0.0000         0.0000        -143783.8882         0.0000   -143783.8882   -143783.8882         0.0000          13275.4321     -6805.6713    424529.9502     13275.4321     -6805.6713

LINE MINIMIZER BRACKET: DX 0.000697426 0.000697426 DU -219.537 25.862 DUDX -490128 -139373 213229 
ENERGY:     176       245.9811       628.2186      1666.5878        29.1591        -155262.5859      8863.7036         0.0000         0.0000         0.0000        -143828.9357         0.0000   -143828.9357   -143828.9357         0.0000          13195.1641     -6875.4975    424529.9502     13195.1641     -6875.4975

LINE MINIMIZER BRACKET: DX 0.000275431 0.000421995 DU -19.1856 45.0475 DUDX -139373 -383.375 213229 
LINE MINIMIZER REDUCING GRADIENT FROM 403719 TO 403.719
ENERGY:     177       233.6913       597.8602      1668.8073        25.2975        -155522.9924      8951.1356         0.0000         0.0000         0.0000        -144046.2006         0.0000   -144046.2006   -144046.2006         0.0000          13223.7725     -6907.0520    424529.9502     13223.7725     -6907.0520

ENERGY:     178       404.5744       613.6210      1673.9996        25.8414        -155769.9572      9057.3164         0.0000         0.0000         0.0000        -143994.6044         0.0000   -143994.6044   -143994.6044         0.0000          13238.1630     -6955.8323    424529.9502     13238.1630     -6955.8323

LINE MINIMIZER BRACKET: DX 0.000869494 0.000869494 DU -217.265 51.5962 DUDX -403719 -95862.4 214399 
ENERGY:     179       266.8669       597.8133      1670.0973        24.9881        -155600.7284      8981.8862         0.0000         0.0000         0.0000        -144059.0766         0.0000   -144059.0766   -144059.0766         0.0000          13229.6950     -6920.3342    424529.9502     13229.6950     -6920.3342

LINE MINIMIZER BRACKET: DX 0.000268525 0.000600969 DU -12.876 64.4722 DUDX -95862.4 -319.988 214399 
LINE MINIMIZER REDUCING GRADIENT FROM 319527 TO 319.527
ETITLE:      TS           BOND          ANGLE          DIHED          IMPRP               ELECT            VDW       BOUNDARY           MISC        KINETIC               TOTAL           TEMP      POTENTIAL         TOTAL3        TEMPAVG            PRESSURE      GPRESSURE         VOLUME       PRESSAVG      GPRESSAVG

ENERGY:     180       240.7072       637.9377      1663.4387        29.7611        -155979.3604      9096.6158         0.0000         0.0000         0.0000        -144310.8999         0.0000   -144310.8999   -144310.8999         0.0000          13320.3596     -6887.4949    424529.9502     13320.3596     -6887.4949

ENERGY:     181       503.5435       763.9464      1661.4457        41.3541        -156332.9328      9248.4376         0.0000         0.0000         0.0000        -144114.2055         0.0000   -144114.2055   -144114.2055         0.0000          13392.4246     -6881.1019    424529.9502     13392.4246     -6881.1019

LINE MINIMIZER BRACKET: DX 0.00148905 0.00148905 DU -251.823 196.694 DUDX -319527 -18871.3 282306 
ENERGY:     182       253.9734       646.6366      1663.0410        30.6176        -156015.8543      9110.1115         0.0000         0.0000         0.0000        -144311.4740         0.0000   -144311.4740   -144311.4740         0.0000          13328.3799     -6885.6744    424529.9502     13328.3799     -6885.6744

LINE MINIMIZER BRACKET: DX 0.000148905 0.00134015 DU -0.574146 197.269 DUDX -18871.3 11122.9 282306 
ENERGY:     183       248.7044       643.2957      1663.1845        30.2917        -156002.3245      9105.0556         0.0000         0.0000         0.0000        -144311.7926         0.0000   -144311.7926   -144311.7926         0.0000          13325.4195     -6886.3198    424529.9502     13325.4195     -6886.3198

LINE MINIMIZER BRACKET: DX 9.3618e-05 5.52871e-05 DU -0.892745 0.318599 DUDX -18871.3 -48.6108 11122.9 
LINE MINIMIZER REDUCING GRADIENT FROM 409946 TO 409.946
ENERGY:     184       220.7336       611.8379      1665.5800        34.1137        -156378.5442      9242.5365         0.0000         0.0000         0.0000        -144603.7425         0.0000   -144603.7425   -144603.7425         0.0000          13408.9503     -6846.9387    424529.9502     13408.9503     -6846.9387

ENERGY:     185       401.3174       637.5963      1671.3497        42.8487        -156730.7169      9415.1939         0.0000         0.0000         0.0000        -144562.4109         0.0000   -144562.4109   -144562.4109         0.0000          13484.1165     -6818.5999    424529.9502     13484.1165     -6818.5999

LINE MINIMIZER BRACKET: DX 0.00111601 0.00111601 DU -291.95 41.3317 DUDX -409946 -113027 187310 
ENERGY:     186       264.3301       614.7619      1667.3839        36.8026        -156514.0931      9303.2929         0.0000         0.0000         0.0000        -144627.5216         0.0000   -144627.5216   -144627.5216         0.0000          13438.1199     -6835.0973    424529.9502     13438.1199     -6835.0973

LINE MINIMIZER BRACKET: DX 0.00042029 0.00069572 DU -23.7791 65.1107 DUDX -113027 -434.294 187310 
ENERGY:     187       274.3969       616.0321      1667.7266        37.3167        -156536.2038      9313.8386         0.0000         0.0000         0.0000        -144626.8930         0.0000   -144626.8930   -144626.8930         0.0000          13442.8355     -6833.2877    424529.9502     13442.8355     -6833.2877

LINE MINIMIZER BRACKET: DX 0.00042029 6.9572e-05 DU -23.7791 0.628591 DUDX -113027 -434.294 18263.4 
ENERGY:     188       265.3004       614.8788      1667.4176        36.8532        -156516.3070      9304.3412         0.0000         0.0000         0.0000        -144627.5158         0.0000   -144627.5158   -144627.5158         0.0000          13438.5946     -6834.9128    424529.9502     13438.5946     -6834.9128

LINE MINIMIZER BRACKET: DX 0.00042029 6.9572e-06 DU -23.7791 0.00578307 DUDX -113027 -434.294 1434.58 
ENERGY:     189       264.4960       614.7818      1667.3897        36.8113        -156514.4723      9303.4727         0.0000         0.0000         0.0000        -144627.5209         0.0000   -144627.5209   -144627.5209         0.0000          13438.2023     -6835.0646    424529.9502     13438.2023     -6835.0646

LINE MINIMIZER BRACKET: DX 0.00042029 1.19376e-06 DU -23.7791 0.000732841 DUDX -113027 -434.294 -113.83 
ETITLE:      TS           BOND          ANGLE          DIHED          IMPRP               ELECT            VDW       BOUNDARY           MISC        KINETIC               TOTAL           TEMP      POTENTIAL         TOTAL3        TEMPAVG            PRESSURE      GPRESSURE         VOLUME       PRESSAVG      GPRESSAVG

ENERGY:     190       264.3301       614.7618      1667.3839        36.8026        -156514.0931      9303.2929         0.0000         0.0000         0.0000        -144627.5216         0.0000   -144627.5216   -144627.5216         0.0000          13438.1200     -6835.0972    424529.9502     13438.1200     -6835.0972

LINE MINIMIZER REDUCING GRADIENT FROM 444992 TO 444.992
ENERGY:     191       245.0365       585.4690      1666.9821        31.2654        -156909.5955      9469.7093         0.0000         0.0000         0.0000        -144911.1332         0.0000   -144911.1332   -144911.1332         0.0000          13602.2492     -6730.8846    424529.9502     13602.2492     -6730.8846

ENERGY:     192       460.6524       605.9123      1668.7803        28.7995        -157280.0119      9670.6578         0.0000         0.0000         0.0000        -144845.2097         0.0000   -144845.2097   -144845.2097         0.0000          13755.8671     -6636.8826    424529.9502     13755.8671     -6636.8826

LINE MINIMIZER BRACKET: DX 0.0010279 0.0010279 DU -283.612 65.9236 DUDX -444992 -106558 234983 
ENERGY:     193       287.2665       586.4547      1667.2982        30.1751        -157027.9955      9528.5815         0.0000         0.0000         0.0000        -144928.2195         0.0000   -144928.2195   -144928.2195         0.0000          13651.1990     -6700.6067    424529.9502     13651.1990     -6700.6067

LINE MINIMIZER BRACKET: DX 0.000320845 0.000707058 DU -17.0863 83.0099 DUDX -106558 -341.315 234983 
LINE MINIMIZER REDUCING GRADIENT FROM 495421 TO 495.421
ENERGY:     194       226.1087       604.1522      1664.8731        27.8698        -157372.9400      9683.9819         0.0000         0.0000         0.0000        -145165.9543         0.0000   -145165.9543   -145165.9543         0.0000          13696.7754     -6710.5996    424529.9502     13696.7754     -6710.5996

ENERGY:     195       358.1647       664.7279      1664.3065        28.8509        -157699.8585      9862.5033         0.0000         0.0000         0.0000        -145121.3052         0.0000   -145121.3052   -145121.3052         0.0000          13730.1417     -6734.6067    424529.9502     13730.1417     -6734.6067

LINE MINIMIZER BRACKET: DX 0.000763389 0.000763389 DU -237.735 44.6491 DUDX -495421 -127100 244316 
ENERGY:     196       249.6878       620.0055      1664.4676        27.8085        -157486.9575      9742.4292         0.0000         0.0000         0.0000        -145182.5588         0.0000   -145182.5588   -145182.5588         0.0000          13709.5167     -6717.3189    424529.9502     13709.5167     -6717.3189

LINE MINIMIZER BRACKET: DX 0.000261404 0.000501985 DU -16.6045 61.2536 DUDX -127100 -323.126 244316 
LINE MINIMIZER REDUCING GRADIENT FROM 387811 TO 387.811
ENERGY:     197       220.0513       607.4836      1664.7444        26.7797        -157887.1705      9929.1104         0.0000         0.0000         0.0000        -145439.0010         0.0000   -145439.0010   -145439.0010         0.0000          13888.1165     -6583.5668    424529.9502     13888.1165     -6583.5668

ENERGY:     198       425.8779       658.9795      1667.9747        29.6385        -158261.2631     10148.1017         0.0000         0.0000         0.0000        -145330.6908         0.0000   -145330.6908   -145330.6908         0.0000          14053.3373     -6465.5701    424529.9502     14053.3373     -6465.5701

LINE MINIMIZER BRACKET: DX 0.00113122 0.00113122 DU -256.442 108.31 DUDX -387811 -65599 256828 
ENERGY:     199       243.0198       612.6448      1665.1762        27.0537        -157965.3557      9970.9505         0.0000         0.0000         0.0000        -145446.5107         0.0000   -145446.5107   -145446.5107         0.0000          13922.7343     -6558.3663    424529.9502     13922.7343     -6558.3663

LINE MINIMIZER BRACKET: DX 0.000229961 0.000901254 DU -7.50963 115.82 DUDX -65599 -124.074 256828 
LINE MINIMIZER REDUCING GRADIENT FROM 387644 TO 387.644
TIMING: 200  CPU: 56.0546, 0.275814/step  Wall: 56.0556, 0.275818/step, 0.0229848 hours remaining, 23.724424 MB of memory in use.
PERFORMANCE: 200  averaging 0.622583 ns/day, 0.277554 sec/step with standard deviation 0.0024544
ETITLE:      TS           BOND          ANGLE          DIHED          IMPRP               ELECT            VDW       BOUNDARY           MISC        KINETIC               TOTAL           TEMP      POTENTIAL         TOTAL3        TEMPAVG            PRESSURE      GPRESSURE         VOLUME       PRESSAVG      GPRESSAVG

ENERGY:     200       249.0430       584.7287      1666.4219        26.8508        -158429.3115     10184.1816         0.0000         0.0000         0.0000        -145718.0855         0.0000   -145718.0855   -145718.0855         0.0000          14075.8877     -6464.8960    424529.9502     14075.8877     -6464.8960

ENERGY:     201       503.9350       620.0255      1670.3021        29.8849        -158859.6258     10437.1295         0.0000         0.0000         0.0000        -145598.3487         0.0000   -145598.3487   -145598.3487         0.0000          14219.6391     -6382.3666    424529.9502     14219.6391     -6382.3666

LINE MINIMIZER BRACKET: DX 0.0012016 0.0012016 DU -271.575 119.737 DUDX -387644 -63884.2 263886 
ENERGY:     202       279.3421       586.5842      1666.9714        27.1865        -158516.0364     10230.3831         0.0000         0.0000         0.0000        -145725.5692         0.0000   -145725.5692   -145725.5692         0.0000          14104.6481     -6447.9942    424529.9502     14104.6481     -6447.9942

LINE MINIMIZER BRACKET: DX 0.000234705 0.000966897 DU -7.48367 127.22 DUDX -63884.2 -287.7 263886 
LINE MINIMIZER REDUCING GRADIENT FROM 499586 TO 499.586
ENERGY:     203       234.4442       599.8467      1667.3410        31.3937        -158975.1660     10446.9490         0.0000         0.0000         0.0000        -145995.1914         0.0000   -145995.1914   -145995.1914         0.0000          14223.0870     -6378.7291    424529.9502     14223.0870     -6378.7291

ENERGY:     204       400.4842       663.4032      1670.4165        39.9506        -159401.5123     10701.0410         0.0000         0.0000         0.0000        -145926.2167         0.0000   -145926.2167   -145926.2167         0.0000          14336.2079     -6316.2324    424529.9502     14336.2079     -6316.2324

LINE MINIMIZER BRACKET: DX 0.000875218 0.000875218 DU -269.622 68.9746 DUDX -499586 -115386 275018 
ENERGY:     205       261.7070       613.5133      1667.9870        33.4867        -159105.3407     10518.3553         0.0000         0.0000         0.0000        -146010.2915         0.0000   -146010.2915   -146010.2915         0.0000          14257.1324     -6359.5943    424529.9502     14257.1324     -6359.5943

LINE MINIMIZER BRACKET: DX 0.000260017 0.0006152 DU -15.1001 84.0748 DUDX -115386 -137.985 275018 
LINE MINIMIZER REDUCING GRADIENT FROM 399278 TO 399.278
ENERGY:     206       224.2848       614.8076      1667.8075        32.4673        -159481.1354     10713.2791         0.0000         0.0000         0.0000        -146228.4891         0.0000   -146228.4891   -146228.4891         0.0000          14420.7186     -6269.0858    424529.9502     14420.7186     -6269.0858

ENERGY:     207       384.6828       665.1922      1669.4827        33.9769        -159831.1471     10935.9936         0.0000         0.0000         0.0000        -146141.8189         0.0000   -146141.8189   -146141.8189         0.0000          14574.1460     -6189.3802    424529.9502     14574.1460     -6189.3802

LINE MINIMIZER BRACKET: DX 0.000925283 0.000925283 DU -218.198 86.6702 DUDX -399278 -71631 259727 
ENERGY:     208       242.2930       621.5174      1668.0114        32.5765        -159559.1995     10759.0911         0.0000         0.0000         0.0000        -146235.7101         0.0000   -146235.7101   -146235.7101         0.0000          14454.7596     -6250.9789    424529.9502     14454.7596     -6250.9789

LINE MINIMIZER BRACKET: DX 0.000200481 0.000724802 DU -7.22101 93.8912 DUDX -71631 -214.415 259727 
LINE MINIMIZER REDUCING GRADIENT FROM 336907 TO 336.907
ENERGY:     209       226.5859       593.3781      1671.6025        26.7197        -159957.6179     10973.2647         0.0000         0.0000         0.0000        -146466.0670         0.0000   -146466.0670   -146466.0670         0.0000          14622.3011     -6129.5128    424529.9502     14622.3011     -6129.5128

ETITLE:      TS           BOND          ANGLE          DIHED          IMPRP               ELECT            VDW       BOUNDARY           MISC        KINETIC               TOTAL           TEMP      POTENTIAL         TOTAL3        TEMPAVG            PRESSURE      GPRESSURE         VOLUME       PRESSAVG      GPRESSAVG

ENERGY:     210       390.1153       622.7231      1679.4368        27.3828        -160324.8279     11218.9414         0.0000         0.0000         0.0000        -146386.2285         0.0000   -146386.2285   -146386.2285         0.0000          14782.2096     -6016.5148    424529.9502     14782.2096     -6016.5148

LINE MINIMIZER BRACKET: DX 0.00114091 0.00114091 DU -230.357 79.8385 DUDX -336907 -66426.5 206871 
ENERGY:     211       249.9831       595.1703      1673.1424        26.2708        -160049.9550     11030.0588         0.0000         0.0000         0.0000        -146475.3294         0.0000   -146475.3294   -146475.3294         0.0000          14661.8421     -6101.3495    424529.9502     14661.8421     -6101.3495

LINE MINIMIZER BRACKET: DX 0.000277803 0.000863111 DU -9.26245 89.1009 DUDX -66426.5 -197.478 206871 
LINE MINIMIZER REDUCING GRADIENT FROM 344340 TO 344.34
ENERGY:     212       217.1050       613.0492      1672.1240        26.6175        -160466.3422     11227.7928         0.0000         0.0000         0.0000        -146709.6537         0.0000   -146709.6537   -146709.6537         0.0000          14782.8527     -6017.3779    424529.9502     14782.8527     -6017.3779

ENERGY:     213       345.7759       676.9074      1672.7747        29.2369        -160850.2498     11455.7588         0.0000         0.0000         0.0000        -146669.7962         0.0000   -146669.7962   -146669.7962         0.0000          14900.0192     -5937.0201    424529.9502     14900.0192     -5937.0201

LINE MINIMIZER BRACKET: DX 0.00107465 0.00107465 DU -234.324 39.8575 DUDX -344340 -91153.5 166156 
ENERGY:     214       244.2030       630.5798      1672.1659        27.2913        -160606.5716     11305.1922         0.0000         0.0000         0.0000        -146727.1394         0.0000   -146727.1394   -146727.1394         0.0000          14824.8169     -5988.5391    424529.9502     14824.8169     -5988.5391

LINE MINIMIZER BRACKET: DX 0.000381925 0.000692723 DU -17.4858 57.3432 DUDX -91153.5 -241.976 166156 
LINE MINIMIZER REDUCING GRADIENT FROM 397597 TO 397.597
ENERGY:     215       224.7427       622.9694      1673.8295        27.8572        -161012.4575     11511.2850         0.0000         0.0000         0.0000        -146951.7736         0.0000   -146951.7736   -146951.7736         0.0000          14921.5288     -5957.7210    424529.9502     14921.5288     -5957.7210

ENERGY:     216       383.9192       661.1783      1677.5362        30.6544        -161382.9455     11749.1547         0.0000         0.0000         0.0000        -146880.5026         0.0000   -146880.5026   -146880.5026         0.0000          15014.0450     -5929.4709    424529.9502     15014.0450     -5929.4709

LINE MINIMIZER BRACKET: DX 0.000933723 0.000933723 DU -224.634 71.271 DUDX -397597 -82905.1 236229 
ENERGY:     217       249.0861       628.4160      1674.5969        28.3626        -161112.3575     11570.0090         0.0000         0.0000         0.0000        -146961.8867         0.0000   -146961.8867   -146961.8867         0.0000          14945.9159     -5950.2248    424529.9502     14945.9159     -5950.2248

LINE MINIMIZER BRACKET: DX 0.00024307 0.000690653 DU -10.1131 81.3841 DUDX -82905.1 -323.516 236229 
LINE MINIMIZER REDUCING GRADIENT FROM 356899 TO 356.899
ENERGY:     218       270.5322       601.1589      1677.7732        28.3560        -161520.9086     11780.4965         0.0000         0.0000         0.0000        -147162.5918         0.0000   -147162.5918   -147162.5918         0.0000          15190.3096     -5736.8551    424529.9502     15190.3096     -5736.8551

ENERGY:     219       520.0156       634.3236      1683.2860        31.5342        -161888.0395     12027.8490         0.0000         0.0000         0.0000        -146991.0312         0.0000   -146991.0312   -146991.0312         0.0000          15425.6298     -5531.4369    424529.9502     15425.6298     -5531.4369

LINE MINIMIZER BRACKET: DX 0.00107942 0.00107942 DU -200.705 171.561 DUDX -356899 -14318.3 332727 
ETITLE:      TS           BOND          ANGLE          DIHED          IMPRP               ELECT            VDW       BOUNDARY           MISC        KINETIC               TOTAL           TEMP      POTENTIAL         TOTAL3        TEMPAVG            PRESSURE      GPRESSURE         VOLUME       PRESSAVG      GPRESSAVG

ENERGY:     220       285.2179       601.7533      1678.2194        28.5337        -161559.4979     11803.4991         0.0000         0.0000         0.0000        -147162.2745         0.0000   -147162.2745   -147162.2745         0.0000          15214.2100     -5716.0038    424529.9502     15214.2100     -5716.0038

LINE MINIMIZER BRACKET: DX 0.00107942 0.000107942 DU -200.705 0.317254 DUDX -356899 -14318.3 20102 
ENERGY:     221       276.3454       601.3284      1677.9552        28.4258        -161536.9650     11789.9957         0.0000         0.0000         0.0000        -147162.9145         0.0000   -147162.9145   -147162.9145         0.0000          15200.2382     -5728.1953    424529.9502     15200.2382     -5728.1953

LINE MINIMIZER BRACKET: DX 4.47793e-05 6.31629e-05 DU -0.322762 0.640015 DUDX -14318.3 -85.1084 20102 
LINE MINIMIZER REDUCING GRADIENT FROM 299133 TO 299.133
ENERGY:     222       224.2030       630.7132      1679.7269        31.6259        -161915.2674     11985.6681         0.0000         0.0000         0.0000        -147363.3303         0.0000   -147363.3303   -147363.3303         0.0000          15231.2246     -5753.7897    424529.9502     15231.2246     -5753.7897

ENERGY:     223       369.5203       714.2159      1683.5685        38.0088        -162254.1560     12216.5480         0.0000         0.0000         0.0000        -147232.2945         0.0000   -147232.2945   -147232.2945         0.0000          15256.8825     -5784.0153    424529.9502     15256.8825     -5784.0153

LINE MINIMIZER BRACKET: DX 0.00121718 0.00121718 DU -200.416 131.036 DUDX -299133 -29359.2 245768 
ENERGY:     224       230.2783       637.0854      1680.0412        32.1515        -161953.4654     12008.6543         0.0000         0.0000         0.0000        -147365.2547         0.0000   -147365.2547   -147365.2547         0.0000          15234.1932     -5756.8470    424529.9502     15234.1932     -5756.8470

LINE MINIMIZER BRACKET: DX 0.000130407 0.00108677 DU -1.92441 132.96 DUDX -29359.2 -204.965 245768 
LINE MINIMIZER REDUCING GRADIENT FROM 321557 TO 321.557
ENERGY:     225       223.0686       636.5332      1682.1596        28.5367        -162329.7129     12184.2718         0.0000         0.0000         0.0000        -147575.1430         0.0000   -147575.1430   -147575.1430         0.0000          15409.6828     -5634.4060    424529.9502     15409.6828     -5634.4060

ENERGY:     226       384.1729       682.9460      1687.0967        28.1014        -162664.4135     12396.3992         0.0000         0.0000         0.0000        -147485.6974         0.0000   -147485.6974   -147485.6974         0.0000          15584.7854     -5509.6021    424529.9502     15584.7854     -5509.6021

LINE MINIMIZER BRACKET: DX 0.00111462 0.00111462 DU -209.888 89.4456 DUDX -321557 -54534.4 215980 
ENERGY:     227       242.1346       642.0737      1682.9382        28.1974        -162400.8005     12224.1406         0.0000         0.0000         0.0000        -147581.3160         0.0000   -147581.3160   -147581.3160         0.0000          15445.0685     -5609.4334    424529.9502     15445.0685     -5609.4334

LINE MINIMIZER BRACKET: DX 0.000225493 0.000889123 DU -6.17308 95.6187 DUDX -54534.4 -154.889 215980 
MINIMIZER RESTARTING CONJUGATE GRADIENT ALGORITHM
LINE MINIMIZER REDUCING GRADIENT FROM 338189 TO 338.189
ENERGY:     228       289.8751       624.5284      1683.5119        26.6360        -162439.8885     12195.7119         0.0000         0.0000         0.0000        -147619.6251         0.0000   -147619.6251   -147619.6251         0.0000          15383.9776     -5679.6510    424529.9502     15383.9776     -5679.6510

ENERGY:     229       759.6118       703.4082      1686.4296        27.6685        -162477.7259     12172.6911         0.0000         0.0000         0.0000        -147127.9168         0.0000   -147127.9168   -147127.9168         0.0000          15268.7420     -5813.8017    424529.9502     15268.7420     -5813.8017

LINE MINIMIZER BRACKET: DX 0.000898738 0.000898738 DU -38.3091 491.708 DUDX -338189 252123 838700 
ETITLE:      TS           BOND          ANGLE          DIHED          IMPRP               ELECT            VDW       BOUNDARY           MISC        KINETIC               TOTAL           TEMP      POTENTIAL         TOTAL3        TEMPAVG            PRESSURE      GPRESSURE         VOLUME       PRESSAVG      GPRESSAVG

ENERGY:     230       218.3562       619.5933      1682.9811        26.9893        -162423.3222     12207.1874         0.0000         0.0000         0.0000        -147668.2149         0.0000   -147668.2149   -147668.2149         0.0000          15416.6890     -5641.8240    424529.9502     15416.6890     -5641.8240

LINE MINIMIZER BRACKET: DX 0.000514355 0.000384383 DU -86.8989 48.5898 DUDX -338189 5.71538 252123 
LINE MINIMIZER REDUCING GRADIENT FROM 110450 TO 110.45
ENERGY:     231       287.5904       630.9366      1683.4273        29.4510        -162527.8724     12108.9733         0.0000         0.0000         0.0000        -147787.4939         0.0000   -147787.4939   -147787.4939         0.0000          15393.3374     -5672.7641    424529.9502     15393.3374     -5672.7641

ENERGY:     232       534.9220       705.8403      1688.4063        40.3234        -162616.6789     12036.5964         0.0000         0.0000         0.0000        -147610.5906         0.0000   -147610.5906   -147610.5906         0.0000          15359.0266     -5720.8141    424529.9502     15359.0266     -5720.8141

LINE MINIMIZER BRACKET: DX 0.00244309 0.00244309 DU -119.279 176.903 DUDX -110450 12209.5 131908 
ENERGY:     233       272.5996       626.9292      1683.1674        28.8259        -162518.0644     12117.5640         0.0000         0.0000         0.0000        -147788.9783         0.0000   -147788.9783   -147788.9783         0.0000          15396.1236     -5668.9229    424529.9502     15396.1236     -5668.9229

LINE MINIMIZER BRACKET: DX 0.00219872 0.00024437 DU -120.763 1.48446 DUDX -110450 64.0553 12209.5 
LINE MINIMIZER REDUCING GRADIENT FROM 313490 TO 313.49
ENERGY:     234       254.4690       639.5747      1681.8481        29.7627        -162622.9082     12038.8353         0.0000         0.0000         0.0000        -147978.4184         0.0000   -147978.4184   -147978.4184         0.0000          15211.0717     -5874.5141    424529.9502     15211.0717     -5874.5141

ENERGY:     235       548.9407       727.2921      1682.4471        32.5349        -162708.7287     11984.5787         0.0000         0.0000         0.0000        -147732.9352         0.0000   -147732.9352   -147732.9352         0.0000          15000.0904     -6110.9938    424529.9502     15000.0904     -6110.9938

LINE MINIMIZER BRACKET: DX 0.00129911 0.00129911 DU -189.44 245.483 DUDX -313490 21727.9 356340 
ENERGY:     236       242.2199       634.9330      1681.8926        29.5886        -162613.2234     12045.5753         0.0000         0.0000         0.0000        -147979.0139         0.0000   -147979.0139   -147979.0139         0.0000          15230.7334     -5852.5731    424529.9502     15230.7334     -5852.5731

LINE MINIMIZER BRACKET: DX 0.0011692 0.000129911 DU -190.036 0.595521 DUDX -313490 -11799.8 21727.9 
ENERGY:     237       246.2695       636.5167      1681.8744        29.6492        -162616.7148     12043.1191         0.0000         0.0000         0.0000        -147979.2861         0.0000   -147979.2861   -147979.2861         0.0000          15223.6852     -5860.4341    424529.9502     15223.6852     -5860.4341

LINE MINIMIZER BRACKET: DX 4.67814e-05 8.31293e-05 DU -0.272157 0.867678 DUDX -11799.8 261.161 21727.9 
LINE MINIMIZER REDUCING GRADIENT FROM 288296 TO 288.296
ENERGY:     238       252.4841       622.2072      1681.2290        25.9355        -162694.3546     11980.7147         0.0000         0.0000         0.0000        -148131.7841         0.0000   -148131.7841   -148131.7841         0.0000          15262.3760     -5829.1014    424529.9502     15262.3760     -5829.1014

ENERGY:     239       472.7830       650.1704      1683.9909        26.3989        -162757.3226     11934.7029         0.0000         0.0000         0.0000        -147989.2764         0.0000   -147989.2764   -147989.2764         0.0000          15283.7822     -5815.3367    424529.9502     15283.7822     -5815.3367

LINE MINIMIZER BRACKET: DX 0.00104315 0.00104315 DU -152.498 142.508 DUDX -288296 -4391.15 277203 
ETITLE:      TS           BOND          ANGLE          DIHED          IMPRP               ELECT            VDW       BOUNDARY           MISC        KINETIC               TOTAL           TEMP      POTENTIAL         TOTAL3        TEMPAVG            PRESSURE      GPRESSURE         VOLUME       PRESSAVG      GPRESSAVG

ENERGY:     240       264.8486       623.1391      1681.3640        25.8044        -162701.2944     11975.3843         0.0000         0.0000         0.0000        -148130.7542         0.0000   -148130.7542   -148130.7542         0.0000          15265.3016     -5826.9328    424529.9502     15265.3016     -5826.9328

LINE MINIMIZER BRACKET: DX 0.00104315 0.000104315 DU -152.498 1.02994 DUDX -288296 -4391.15 23865.8 
ENERGY:     241       254.2473       622.3222      1681.2476        25.9126        -162695.4144     11979.8819         0.0000         0.0000         0.0000        -148131.8029         0.0000   -148131.8029   -148131.8029         0.0000          15262.8381     -5828.7534    424529.9502     15262.8381     -5828.7534

LINE MINIMIZER BRACKET: DX 1.6056e-05 8.82591e-05 DU -0.0188178 1.04876 DUDX -4391.15 -52.3608 23865.8 
LINE MINIMIZER REDUCING GRADIENT FROM 262962 TO 262.962
ENERGY:     242       245.7096       616.5104      1683.3829        26.8028        -162788.9743     11922.4305         0.0000         0.0000         0.0000        -148294.1381         0.0000   -148294.1381   -148294.1381         0.0000          15182.6661     -5955.2979    424529.9502     15182.6661     -5955.2979

ENERGY:     243       482.0256       669.3343      1688.4432        33.0656        -162860.1123     11887.7408         0.0000         0.0000         0.0000        -148099.5028         0.0000   -148099.5028   -148099.5028         0.0000          15084.0591     -6102.7447    424529.9502     15084.0591     -6102.7447

LINE MINIMIZER BRACKET: DX 0.00129494 0.00129494 DU -162.335 194.635 DUDX -262962 12214.6 287459 
ENERGY:     244       235.5417       614.4596      1683.0394        26.4797        -162780.5962     11927.1380         0.0000         0.0000         0.0000        -148293.9377         0.0000   -148293.9377   -148293.9377         0.0000          15191.4960     -5941.7047    424529.9502     15191.4960     -5941.7047

LINE MINIMIZER BRACKET: DX 0.000129494 0.00129494 DU -0.200363 194.635 DUDX -15351.2 12214.6 287459 
ENERGY:     245       240.8930       615.5232      1683.2268        26.6528        -162785.2672     11924.4892         0.0000         0.0000         0.0000        -148294.4822         0.0000   -148294.4822   -148294.4822         0.0000          15186.6029     -5949.2379    424529.9502     15186.6029     -5949.2379

LINE MINIMIZER BRACKET: DX 7.20268e-05 5.74675e-05 DU -0.544444 0.344081 DUDX -15351.2 -39.2299 12214.6 
LINE MINIMIZER REDUCING GRADIENT FROM 204617 TO 204.617
ENERGY:     246       254.6642       654.4420      1679.2605        30.2015        -162909.8237     11856.7156         0.0000         0.0000         0.0000        -148434.5399         0.0000   -148434.5399   -148434.5399         0.0000          15146.8770     -5999.1971    424529.9502     15146.8770     -5999.1971

ENERGY:     247       554.8088       763.9478      1679.6185        39.4666        -163008.4498     11814.8459         0.0000         0.0000         0.0000        -148155.7622         0.0000   -148155.7622   -148155.7622         0.0000          15084.5159     -6075.2708    424529.9502     15084.5159     -6075.2708

LINE MINIMIZER BRACKET: DX 0.00170967 0.00170967 DU -140.058 278.778 DUDX -204617 40647.8 285020 
ENERGY:     248       232.6034       643.0649      1679.6105        29.2039        -162890.9114     11866.1458         0.0000         0.0000         0.0000        -148440.2828         0.0000   -148440.2828   -148440.2828         0.0000          15155.0241     -5989.1215    424529.9502     15155.0241     -5989.1215

LINE MINIMIZER BRACKET: DX 0.00142618 0.00028349 DU -145.801 5.74289 DUDX -204617 -20.4851 40647.8 
LINE MINIMIZER REDUCING GRADIENT FROM 236623 TO 236.623
ENERGY:     249       250.6580       625.9239      1680.8123        30.5892        -162993.7061     11822.3839         0.0000         0.0000         0.0000        -148583.3389         0.0000   -148583.3389   -148583.3389         0.0000          15084.8424     -6071.6470    424529.9502     15084.8424     -6071.6470

ETITLE:      TS           BOND          ANGLE          DIHED          IMPRP               ELECT            VDW       BOUNDARY           MISC        KINETIC               TOTAL           TEMP      POTENTIAL         TOTAL3        TEMPAVG            PRESSURE      GPRESSURE         VOLUME       PRESSAVG      GPRESSAVG

ENERGY:     250       467.0124       654.6444      1685.2700        37.1707        -163078.2888     11796.2222         0.0000         0.0000         0.0000        -148437.9692         0.0000   -148437.9692   -148437.9692         0.0000          14998.6626     -6171.2784    424529.9502     14998.6626     -6171.2784

LINE MINIMIZER BRACKET: DX 0.00121488 0.00121488 DU -143.056 145.37 DUDX -236623 1084.77 238196 
ENERGY:     251       239.9094       625.5846      1680.5311        30.2261        -162984.2231     11825.9615         0.0000         0.0000         0.0000        -148582.0104         0.0000   -148582.0104   -148582.0104         0.0000          15092.5767     -6062.6298    424529.9502     15092.5767     -6062.6298

LINE MINIMIZER BRACKET: DX 0.000121488 0.00121488 DU -1.32849 145.37 DUDX -22691.4 1084.77 238196 
ENERGY:     252       249.4918       625.8665      1680.7828        30.5505        -162992.7481     11822.7313         0.0000         0.0000         0.0000        -148583.3251         0.0000   -148583.3251   -148583.3251         0.0000          15085.6200     -6070.7385    424529.9502     15085.6200     -6070.7385

LINE MINIMIZER BRACKET: DX 1.21488e-05 0.00121488 DU -0.01375 145.37 DUDX -1311.32 1084.77 238196 
ENERGY:     253       250.3691       625.9070      1680.8051        30.5796        -162993.4545     11822.4667         0.0000         0.0000         0.0000        -148583.3269         0.0000   -148583.3269   -148583.3269         0.0000          15085.0328     -6071.4228    424529.9502     15085.0328     -6071.4228

LINE MINIMIZER BRACKET: DX 2.97275e-06 0.00121488 DU -0.0120008 145.37 DUDX 482.74 1084.77 238196 
ENERGY:     254       250.6557       625.9207      1680.8124        30.5891        -162993.6835     11822.3812         0.0000         0.0000         0.0000        -148583.3242         0.0000   -148583.3242   -148583.3242         0.0000          15084.8420     -6071.6450    424529.9502     15084.8420     -6071.6450

LINE MINIMIZER REDUCING GRADIENT FROM 212288 TO 212.288
ENERGY:     255       258.8978       611.3335      1680.5097        26.8528        -163081.0765     11788.6429         0.0000         0.0000         0.0000        -148714.8398         0.0000   -148714.8398   -148714.8398         0.0000          15106.8387     -6050.5313    424529.9502     15106.8387     -6050.5313

ENERGY:     256       438.8138       631.5600      1682.0992        25.7904        -163153.9562     11769.1359         0.0000         0.0000         0.0000        -148606.5568         0.0000   -148606.5568   -148606.5568         0.0000          15115.2128     -6043.0590    424529.9502     15115.2128     -6043.0590

LINE MINIMIZER BRACKET: DX 0.0011855 0.0011855 DU -131.516 108.283 DUDX -212288 -9677.41 192139 
ENERGY:     257       269.1703       611.7888      1680.5843        26.6301        -163089.0108     11786.0540         0.0000         0.0000         0.0000        -148714.7832         0.0000   -148714.7832   -148714.7832         0.0000          15108.2837     -6049.1786    424529.9502     15108.2837     -6049.1786

LINE MINIMIZER BRACKET: DX 0.0011855 0.00011855 DU -131.516 0.0566445 DUDX -212288 -9677.41 10540.6 
ENERGY:     258       263.5780       611.5065      1680.5429        26.7434        -163084.8722     11787.3911         0.0000         0.0000         0.0000        -148715.1104         0.0000   -148715.1104   -148715.1104         0.0000          15107.5387     -6049.8737    424529.9502     15107.5387     -6049.8737

LINE MINIMIZER BRACKET: DX 5.64861e-05 6.20639e-05 DU -0.27064 0.327285 DUDX -9677.41 -47.9556 10540.6 
LINE MINIMIZER REDUCING GRADIENT FROM 220729 TO 220.729
ENERGY:     259       222.9279       637.4175      1679.5005        26.0826        -163172.4155     11760.9303         0.0000         0.0000         0.0000        -148845.5568         0.0000   -148845.5568   -148845.5568         0.0000          15023.0369     -6169.7735    424529.9502     15023.0369     -6169.7735

ETITLE:      TS           BOND          ANGLE          DIHED          IMPRP               ELECT            VDW       BOUNDARY           MISC        KINETIC               TOTAL           TEMP      POTENTIAL         TOTAL3        TEMPAVG            PRESSURE      GPRESSURE         VOLUME       PRESSAVG      GPRESSAVG

ENERGY:     260       356.7101       705.1849      1681.5181        29.9017        -163244.0519     11750.7476         0.0000         0.0000         0.0000        -148719.9895         0.0000   -148719.9895   -148719.9895         0.0000          14924.7780     -6304.5374    424529.9502     14924.7780     -6304.5374

LINE MINIMIZER BRACKET: DX 0.00117024 0.00117024 DU -130.446 125.567 DUDX -220729 -2163.06 216581 
ENERGY:     261       228.4759       642.2840      1679.5687        26.2574        -163180.2827     11759.1772         0.0000         0.0000         0.0000        -148844.5195         0.0000   -148844.5195   -148844.5195         0.0000          15013.8263     -6182.5847    424529.9502     15013.8263     -6182.5847

LINE MINIMIZER BRACKET: DX 0.00117024 0.000117024 DU -130.446 1.03726 DUDX -220729 -2163.06 19696.9 
ENERGY:     262       223.4034       637.8816      1679.5058        26.0980        -163173.1958     11760.7465         0.0000         0.0000         0.0000        -148845.5605         0.0000   -148845.5605   -148845.5605         0.0000          15022.1210     -6171.0466    424529.9502     15022.1210     -6171.0466

LINE MINIMIZER BRACKET: DX 1.17024e-05 0.000105322 DU -0.00365616 1.04092 DUDX -2163.06 9.74687 19696.9 
LINE MINIMIZER REDUCING GRADIENT FROM 171839 TO 171.839
ENERGY:     263       230.4844       626.8643      1680.2236        26.1234        -163264.2339     11737.3074         0.0000         0.0000         0.0000        -148963.2308         0.0000   -148963.2308   -148963.2308         0.0000          15011.7077     -6191.9425    424529.9502     15011.7077     -6191.9425

ENERGY:     264       390.6184       649.0599      1682.4024        28.2491        -163342.3377     11726.7138         0.0000         0.0000         0.0000        -148865.2941         0.0000   -148865.2941   -148865.2941         0.0000          14988.9912     -6226.8669    424529.9502     14988.9912     -6226.8669

LINE MINIMIZER BRACKET: DX 0.00131264 0.00131264 DU -117.67 97.9367 DUDX -171839 -7477.51 156700 
ENERGY:     265       239.6049       627.5964      1680.3746        26.2420        -163272.6148     11735.6681         0.0000         0.0000         0.0000        -148963.1289         0.0000   -148963.1289   -148963.1289         0.0000          15009.9920     -6194.8007    424529.9502     15009.9920     -6194.8007

LINE MINIMIZER BRACKET: DX 0.00131264 0.000131264 DU -117.67 0.101899 DUDX -171839 -7477.51 8942.31 
ENERGY:     266       234.4248       627.1534      1680.2900        26.1746        -163268.0384     11736.5485         0.0000         0.0000         0.0000        -148963.4472         0.0000   -148963.4472   -148963.4472         0.0000          15010.9479     -6193.2172    424529.9502     15010.9479     -6193.2172

LINE MINIMIZER BRACKET: DX 5.9459e-05 7.18047e-05 DU -0.216352 0.318251 DUDX -7477.51 -47.1441 8942.31 
LINE MINIMIZER REDUCING GRADIENT FROM 181331 TO 181.331
ENERGY:     267       246.4000       615.6878      1680.4754        27.5984        -163357.5881     11719.5462         0.0000         0.0000         0.0000        -149067.8802         0.0000   -149067.8802   -149067.8802         0.0000          15006.0779     -6201.3878    424529.9502     15006.0779     -6201.3878

ENERGY:     268       379.4704       629.3946      1682.2197        31.2803        -163437.6450     11712.1510         0.0000         0.0000         0.0000        -149003.1289         0.0000   -149003.1289   -149003.1289         0.0000          14991.0380     -6219.8265    424529.9502     14991.0380     -6219.8265

LINE MINIMIZER BRACKET: DX 0.00104271 0.00104271 DU -104.433 64.7513 DUDX -181331 -18981.9 143142 
ENERGY:     269       255.7467       615.9713      1680.5995        27.9125        -163367.4439     11718.1815         0.0000         0.0000         0.0000        -149069.0324         0.0000   -149069.0324   -149069.0324         0.0000          15004.8406     -6203.0125    424529.9502     15004.8406     -6203.0125

LINE MINIMIZER BRACKET: DX 0.000122055 0.000920657 DU -1.15226 65.9035 DUDX -18981.9 6.30649 143142 
LINE MINIMIZER REDUCING GRADIENT FROM 186009 TO 186.009
ETITLE:      TS           BOND          ANGLE          DIHED          IMPRP               ELECT            VDW       BOUNDARY           MISC        KINETIC               TOTAL           TEMP      POTENTIAL         TOTAL3        TEMPAVG            PRESSURE      GPRESSURE         VOLUME       PRESSAVG      GPRESSAVG

ENERGY:     270       233.6932       637.8511      1680.0206        30.4758        -163470.1340     11707.7923         0.0000         0.0000         0.0000        -149180.3009         0.0000   -149180.3009   -149180.3009         0.0000          14982.1354     -6249.9347    424529.9502     14982.1354     -6249.9347

ENERGY:     271       369.9835       695.9619      1681.0025        35.5554        -163559.2240     11711.6185         0.0000         0.0000         0.0000        -149065.1021         0.0000   -149065.1021   -149065.1021         0.0000          14946.9308     -6310.8511    424529.9502     14946.9308     -6310.8511

LINE MINIMIZER BRACKET: DX 0.00120514 0.00120514 DU -111.268 115.199 DUDX -186009 1449.61 189590 
ENERGY:     272       228.7900       634.0206      1680.0050        30.1071        -163460.4589     11708.1983         0.0000         0.0000         0.0000        -149179.3380         0.0000   -149179.3380   -149179.3380         0.0000          14984.9723     -6244.6058    424529.9502     14984.9723     -6244.6058

LINE MINIMIZER BRACKET: DX 0.000120514 0.00120514 DU -0.962908 115.199 DUDX -17345 1449.61 189590 
ENERGY:     273       233.1304       637.4482      1680.0176        30.4378        -163469.1577     11707.8267         0.0000         0.0000         0.0000        -149180.2970         0.0000   -149180.2970   -149180.2970         0.0000          14982.4269     -6249.3908    424529.9502     14982.4269     -6249.3908

LINE MINIMIZER BRACKET: DX 1.20514e-05 0.00120514 DU -0.0038596 115.199 DUDX -443.613 1449.61 189590 
ENERGY:     274       233.4600       637.6834      1680.0189        30.4602        -163469.7255     11707.8063         0.0000         0.0000         0.0000        -149180.2967         0.0000   -149180.2967   -149180.2967         0.0000          14982.2553     -6249.7098    424529.9502     14982.2553     -6249.7098

LINE MINIMIZER BRACKET: DX 4.93536e-06 0.00120514 DU -0.00416167 115.199 DUDX 665.446 1449.61 189590 
ENERGY:     275       233.6918       637.8472      1680.0198        30.4758        -163470.1195     11707.7925         0.0000         0.0000         0.0000        -149180.2924         0.0000   -149180.2924   -149180.2924         0.0000          14982.1354     -6249.9319    424529.9502     14982.1354     -6249.9319

LINE MINIMIZER REDUCING GRADIENT FROM 156644 TO 156.644
ENERGY:     276       277.6732       639.3872      1679.9777        25.6539        -163611.0320     11704.3884         0.0000         0.0000         0.0000        -149283.9516         0.0000   -149283.9516   -149283.9516         0.0000          14996.8013     -6267.0065    424529.9502     14996.8013     -6267.0065

ENERGY:     277       585.0321       707.1982      1684.3969        26.6756        -163726.4343     11730.3517         0.0000         0.0000         0.0000        -148992.7798         0.0000   -148992.7798   -148992.7798         0.0000          14993.5195     -6304.8094    424529.9502     14993.5195     -6304.8094

LINE MINIMIZER BRACKET: DX 0.00192084 0.00192084 DU -103.659 291.172 DUDX -156644 48683.9 254065 
ENERGY:     278       243.2722       633.0965      1679.5789        26.2579        -163579.8703     11702.6102         0.0000         0.0000         0.0000        -149295.0547         0.0000   -149295.0547   -149295.0547         0.0000          14995.0031     -6260.9987    424529.9502     14995.0031     -6260.9987

LINE MINIMIZER BRACKET: DX 0.00146534 0.000455501 DU -114.762 11.103 DUDX -156644 -69.9592 48683.9 
LINE MINIMIZER REDUCING GRADIENT FROM 182161 TO 182.161
ENERGY:     279       258.3965       630.7906      1682.7916        24.5256        -163717.4730     11719.2821         0.0000         0.0000         0.0000        -149401.6867         0.0000   -149401.6867   -149401.6867         0.0000          14958.6917     -6305.6070    424529.9502     14958.6917     -6305.6070

ETITLE:      TS           BOND          ANGLE          DIHED          IMPRP               ELECT            VDW       BOUNDARY           MISC        KINETIC               TOTAL           TEMP      POTENTIAL         TOTAL3        TEMPAVG            PRESSURE      GPRESSURE         VOLUME       PRESSAVG      GPRESSAVG

ENERGY:     280       508.3425       685.0504      1689.2308        28.0720        -163833.9189     11762.4598         0.0000         0.0000         0.0000        -149160.7634         0.0000   -149160.7634   -149160.7634         0.0000          14906.5304     -6368.7324    424529.9502     14906.5304     -6368.7324

LINE MINIMIZER BRACKET: DX 0.00153491 0.00153491 DU -106.632 240.923 DUDX -182161 43442 270641 
ENERGY:     281       237.2314       626.8154      1681.9185        24.4758        -163692.6057     11714.0842         0.0000         0.0000         0.0000        -149408.0805         0.0000   -149408.0805   -149408.0805         0.0000          14966.9609     -6295.5309    424529.9502     14966.9609     -6295.5309

LINE MINIMIZER BRACKET: DX 0.00123964 0.000295269 DU -113.026 6.39382 DUDX -182161 -122.909 43442 
LINE MINIMIZER REDUCING GRADIENT FROM 157579 TO 157.579
ENERGY:     282       263.5522       646.3679      1681.0310        27.6697        -163841.5774     11728.6229         0.0000         0.0000         0.0000        -149494.3336         0.0000   -149494.3336   -149494.3336         0.0000          14981.1489     -6301.4555    424529.9502     14981.1489     -6301.4555

ENERGY:     283       542.2998       716.0807      1682.5925        34.5207        -163972.7315     11765.9825         0.0000         0.0000         0.0000        -149231.2553         0.0000   -149231.2553   -149231.2553         0.0000          14976.2805     -6328.9481    424529.9502     14976.2805     -6328.9481

LINE MINIMIZER BRACKET: DX 0.00165251 0.00165251 DU -86.2532 263.078 DUDX -157579 53272.5 265005 
ENERGY:     284       233.0423       636.7172      1681.0185        26.5114        -163805.5703     11722.8634         0.0000         0.0000         0.0000        -149505.4175         0.0000   -149505.4175   -149505.4175         0.0000          14979.4320     -6297.8452    424529.9502     14979.4320     -6297.8452

LINE MINIMIZER BRACKET: DX 0.00123517 0.000417349 DU -97.3371 11.0839 DUDX -157579 -83.8299 53272.5 
LINE MINIMIZER REDUCING GRADIENT FROM 166126 TO 166.126
ENERGY:     285       279.1786       646.3304      1681.5989        31.3080        -163994.5454     11758.5380         0.0000         0.0000         0.0000        -149597.5915         0.0000   -149597.5915   -149597.5915         0.0000          14955.3939     -6342.3538    424529.9502     14955.3939     -6342.3538

ENERGY:     286       591.9955       717.7620      1686.1091        41.7667        -164161.7650     11822.2649         0.0000         0.0000         0.0000        -149301.8667         0.0000   -149301.8667   -149301.8667         0.0000          14912.3974     -6407.8910    424529.9502     14912.3974     -6407.8910

LINE MINIMIZER BRACKET: DX 0.0017128 0.0017128 DU -92.174 295.725 DUDX -166126 58918.3 286493 
ENERGY:     287       241.3768       637.8774      1681.0593        29.5347        -163947.1915     11746.6042         0.0000         0.0000         0.0000        -149610.7390         0.0000   -149610.7390   -149610.7390         0.0000          14963.5704     -6328.6265    424529.9502     14963.5704     -6328.6265

LINE MINIMIZER BRACKET: DX 0.00126521 0.000447584 DU -105.322 13.1475 DUDX -166126 -187.117 58918.3 
ENERGY:     288       244.3362       638.5315      1681.1008        29.6951        -163951.9887     11747.7129         0.0000         0.0000         0.0000        -149610.6122         0.0000   -149610.6122   -149610.6122         0.0000          14962.8142     -6329.9306    424529.9502     14962.8142     -6329.9306

LINE MINIMIZER BRACKET: DX 0.00126521 4.47584e-05 DU -105.322 0.126862 DUDX -166126 -187.117 5710.84 
ENERGY:     289       241.6645       637.9409      1681.0633        29.5506        -163947.6734     11746.7142         0.0000         0.0000         0.0000        -149610.7398         0.0000   -149610.7398   -149610.7398         0.0000          14963.4935     -6328.7581    424529.9502     14963.4935     -6328.7581

LINE MINIMIZER BRACKET: DX 4.47584e-06 4.02825e-05 DU -0.000760719 0.127623 DUDX -187.117 402.597 5710.84 
ETITLE:      TS           BOND          ANGLE          DIHED          IMPRP               ELECT            VDW       BOUNDARY           MISC        KINETIC               TOTAL           TEMP      POTENTIAL         TOTAL3        TEMPAVG            PRESSURE      GPRESSURE         VOLUME       PRESSAVG      GPRESSAVG

ENERGY:     290       241.5632       637.9185      1681.0619        29.5450        -163947.5038     11746.6755         0.0000         0.0000         0.0000        -149610.7397         0.0000   -149610.7397   -149610.7397         0.0000          14963.5208     -6328.7116    424529.9502     14963.5208     -6328.7116

LINE MINIMIZER BRACKET: DX 1.5736e-06 4.02825e-05 DU -0.000137618 0.127623 DUDX 195.259 402.597 5710.84 
ENERGY:     291       241.6645       637.9409      1681.0633        29.5506        -163947.6734     11746.7142         0.0000         0.0000         0.0000        -149610.7398         0.0000   -149610.7398   -149610.7398         0.0000          14963.4934     -6328.7582    424529.9502     14963.4934     -6328.7582

LINE MINIMIZER REDUCING GRADIENT FROM 177718 TO 177.718
ENERGY:     292       279.3150       626.7635      1682.2840        28.5548        -164148.5908     11794.6713         0.0000         0.0000         0.0000        -149737.0022         0.0000   -149737.0022   -149737.0022         0.0000          15037.2956     -6285.3364    424529.9502     15037.2956     -6285.3364

ENERGY:     293       527.7168       673.1694      1686.2031        30.5341        -164326.7422     11872.5971         0.0000         0.0000         0.0000        -149536.5217         0.0000   -149536.5217   -149536.5217         0.0000          15100.0610     -6254.2879    424529.9502     15100.0610     -6254.2879

LINE MINIMIZER BRACKET: DX 0.00162261 0.00162261 DU -126.262 200.481 DUDX -177718 22470.3 225173 
ENERGY:     294       264.6255       625.1348      1682.0070        28.5127        -164127.1635     11787.8691         0.0000         0.0000         0.0000        -149739.0145         0.0000   -149739.0145   -149739.0145         0.0000          15029.6249     -6289.5202    424529.9502     15029.6249     -6289.5202

LINE MINIMIZER BRACKET: DX 0.00144083 0.000181786 DU -128.275 2.01224 DUDX -177718 -109.355 22470.3 
LINE MINIMIZER REDUCING GRADIENT FROM 177956 TO 177.956
ENERGY:     295       244.1905       652.7326      1681.8902        27.1385        -164313.7214     11855.4138         0.0000         0.0000         0.0000        -149852.3558         0.0000   -149852.3558   -149852.3558         0.0000          15006.7902     -6350.3355    424529.9502     15006.7902     -6350.3355

ENERGY:     296       433.2748       724.5128      1684.1663        28.8775        -164481.3649     11950.3381         0.0000         0.0000         0.0000        -149660.1955         0.0000   -149660.1955   -149660.1955         0.0000          14972.9014     -6423.1439    424529.9502     14972.9014     -6423.1439

LINE MINIMIZER BRACKET: DX 0.00148725 0.00148725 DU -113.341 192.16 DUDX -177956 25955.9 232961 
ENERGY:     297       235.1625       646.7790      1681.7723        27.1423        -164291.0305     11845.3879         0.0000         0.0000         0.0000        -149854.7865         0.0000   -149854.7865   -149854.7865         0.0000          15010.3534     -6341.8835    424529.9502     15010.3534     -6341.8835

LINE MINIMIZER BRACKET: DX 0.00129833 0.000188926 DU -115.772 2.43065 DUDX -177956 -130.261 25955.9 
LINE MINIMIZER REDUCING GRADIENT FROM 190735 TO 190.735
ENERGY:     298       244.7918       649.4852      1682.9449        26.0098        -164481.5954     11916.7766         0.0000         0.0000         0.0000        -149961.5871         0.0000   -149961.5871   -149961.5871         0.0000          15102.2119     -6274.8540    424529.9502     15102.2119     -6274.8540

ENERGY:     299       445.9207       692.1308      1686.6851        28.0544        -164655.8611     12013.1258         0.0000         0.0000         0.0000        -149789.9443         0.0000   -149789.9443   -149789.9443         0.0000          15183.4263     -6218.3187    424529.9502     15183.4263     -6218.3187

LINE MINIMIZER BRACKET: DX 0.00128609 0.00128609 DU -106.801 171.643 DUDX -190735 24888.4 242304 
TIMING: 300  CPU: 83.3133, 0.272588/step  Wall: 83.3151, 0.272595/step, 0.0151442 hours remaining, 23.724424 MB of memory in use.
PERFORMANCE: 300  averaging 0.626312 ns/day, 0.275901 sec/step with standard deviation 0.00334789
ETITLE:      TS           BOND          ANGLE          DIHED          IMPRP               ELECT            VDW       BOUNDARY           MISC        KINETIC               TOTAL           TEMP      POTENTIAL         TOTAL3        TEMPAVG            PRESSURE      GPRESSURE         VOLUME       PRESSAVG      GPRESSAVG

ENERGY:     300       233.8874       647.1405      1682.6700        25.9709        -164460.4200     11907.3345         0.0000         0.0000         0.0000        -149963.4167         0.0000   -149963.4167   -149963.4167         0.0000          15092.2071     -6281.9904    424529.9502     15092.2071     -6281.9904

LINE MINIMIZER BRACKET: DX 0.0011378 0.000148282 DU -108.63 1.82959 DUDX -190735 -72.7557 24888.4 
LINE MINIMIZER REDUCING GRADIENT FROM 166463 TO 166.463
ENERGY:     301       257.3559       632.0808      1684.2064        25.9462        -164659.6119     11989.1804         0.0000         0.0000         0.0000        -150070.8422         0.0000   -150070.8422   -150070.8422         0.0000          15156.2356     -6241.1250    424529.9502     15156.2356     -6241.1250

ENERGY:     302       442.4627       657.6995      1687.8661        28.7716        -164844.2526     12092.8636         0.0000         0.0000         0.0000        -149934.5891         0.0000   -149934.5891   -149934.5891         0.0000          15211.0932     -6211.9372    424529.9502     15211.0932     -6211.9372

LINE MINIMIZER BRACKET: DX 0.00137167 0.00137167 DU -107.425 136.253 DUDX -166463 10118.3 188841 
ENERGY:     303       247.7259       631.7573      1683.9525        25.8204        -164640.3190     11980.0568         0.0000         0.0000         0.0000        -150071.0061         0.0000   -150071.0061   -150071.0061         0.0000          15150.2728     -6244.6472    424529.9502     15150.2728     -6244.6472

LINE MINIMIZER BRACKET: DX 0.00123451 0.000137167 DU -107.589 0.163961 DUDX -166463 -7651.42 10118.3 
ENERGY:     304       251.6908       631.8459      1684.0594        25.8712        -164648.6705     11983.9760         0.0000         0.0000         0.0000        -150071.2272         0.0000   -150071.2272   -150071.2272         0.0000          15152.8659     -6243.1043    424529.9502     15152.8659     -6243.1043

LINE MINIMIZER BRACKET: DX 5.93169e-05 7.78504e-05 DU -0.221017 0.384978 DUDX -7651.42 21.4899 10118.3 
LINE MINIMIZER REDUCING GRADIENT FROM 158284 TO 158.284
ENERGY:     305       234.2282       653.0577      1683.1140        28.6084        -164864.3246     12071.0351         0.0000         0.0000         0.0000        -150194.2813         0.0000   -150194.2813   -150194.2813         0.0000          15175.9644     -6238.9574    424529.9502     15175.9644     -6238.9574

ENERGY:     306       332.0214       705.6116      1684.4803        34.6324        -165066.1833     12176.9936         0.0000         0.0000         0.0000        -150132.4439         0.0000   -150132.4439   -150132.4439         0.0000          15193.8645     -6241.4210    424529.9502     15193.8645     -6241.4210

LINE MINIMIZER BRACKET: DX 0.00135591 0.00135591 DU -123.054 61.8373 DUDX -158284 -22887.2 114515 
ENERGY:     307       242.5550       659.6484      1683.1875        29.3906        -164899.0156     12087.3614         0.0000         0.0000         0.0000        -150196.8725         0.0000   -150196.8725   -150196.8725         0.0000          15179.2791     -6238.9486    424529.9502     15179.2791     -6238.9486

LINE MINIMIZER BRACKET: DX 0.000226541 0.00112937 DU -2.59125 64.4286 DUDX -22887.2 -87.1586 114515 
LINE MINIMIZER REDUCING GRADIENT FROM 185426 TO 185.426
ENERGY:     308       245.8350       645.9867      1684.1803        28.8843        -165107.9004     12187.9757         0.0000         0.0000         0.0000        -150315.0385         0.0000   -150315.0385   -150315.0385         0.0000          15253.9456     -6198.7804    424529.9502     15253.9456     -6198.7804

ENERGY:     309       375.3875       656.9866      1686.3005        29.8089        -165302.5773     12306.6621         0.0000         0.0000         0.0000        -150247.4317         0.0000   -150247.4317   -150247.4317         0.0000          15322.8225     -6163.3028    424529.9502     15322.8225     -6163.3028

LINE MINIMIZER BRACKET: DX 0.00113185 0.00113185 DU -118.166 67.6068 DUDX -185426 -22920.6 142784 
ETITLE:      TS           BOND          ANGLE          DIHED          IMPRP               ELECT            VDW       BOUNDARY           MISC        KINETIC               TOTAL           TEMP      POTENTIAL         TOTAL3        TEMPAVG            PRESSURE      GPRESSURE         VOLUME       PRESSAVG      GPRESSAVG

ENERGY:     310       256.2482       646.0387      1684.4076        28.9255        -165135.7469     12203.2992         0.0000         0.0000         0.0000        -150316.8277         0.0000   -150316.8277   -150316.8277         0.0000          15263.8073     -6193.6218    424529.9502     15263.8073     -6193.6218

LINE MINIMIZER BRACKET: DX 0.00015694 0.000974914 DU -1.78917 69.396 DUDX -22920.6 -158.341 142784 
LINE MINIMIZER REDUCING GRADIENT FROM 220611 TO 220.611
ENERGY:     311       250.4966       632.9434      1685.5707        26.5857        -165346.9595     12313.7602         0.0000         0.0000         0.0000        -150437.6029         0.0000   -150437.6029   -150437.6029         0.0000          15363.9548     -6127.7691    424529.9502     15363.9548     -6127.7691

ENERGY:     312       363.1229       645.2807      1688.6285        26.6942        -165543.0800     12443.8998         0.0000         0.0000         0.0000        -150375.4538         0.0000   -150375.4538   -150375.4538         0.0000          15459.7427     -6065.3087    424529.9502     15459.7427     -6065.3087

LINE MINIMIZER BRACKET: DX 0.000957672 0.000957672 DU -120.775 62.149 DUDX -220611 -31232.8 161597 
ENERGY:     313       260.7492       633.2083      1685.9411        26.4397        -165379.8806     12333.4923         0.0000         0.0000         0.0000        -150440.0500         0.0000   -150440.0500   -150440.0500         0.0000          15379.7420     -6117.4748    424529.9502     15379.7420     -6117.4748

LINE MINIMIZER BRACKET: DX 0.000155577 0.000802095 DU -2.44717 64.5962 DUDX -31232.8 -174.786 161597 
LINE MINIMIZER REDUCING GRADIENT FROM 187166 TO 187.166
ENERGY:     314       227.6629       655.2056      1685.4909        26.7158        -165604.6999     12452.4760         0.0000         0.0000         0.0000        -150557.1486         0.0000   -150557.1486   -150557.1486         0.0000          15440.7986     -6081.7130    424529.9502     15440.7986     -6081.7130

ENERGY:     315       317.1248       710.1013      1686.5502        28.8957        -165813.3290     12592.0152         0.0000         0.0000         0.0000        -150478.6418         0.0000   -150478.6418   -150478.6418         0.0000          15496.9471     -6051.2008    424529.9502     15496.9471     -6051.2008

LINE MINIMIZER BRACKET: DX 0.00114159 0.00114159 DU -117.099 78.5068 DUDX -187166 -17457.5 155689 
ENERGY:     316       231.1368       659.2709      1685.5285        26.8497        -165626.5560     12465.6201         0.0000         0.0000         0.0000        -150558.1499         0.0000   -150558.1499   -150558.1499         0.0000          15446.6878     -6078.4101    424529.9502     15446.6878     -6078.4101

LINE MINIMIZER BRACKET: DX 0.000115563 0.00102603 DU -1.00136 79.5081 DUDX -17457.5 -114.376 155689 
LINE MINIMIZER REDUCING GRADIENT FROM 152370 TO 152.37
ENERGY:     317       244.5490       646.3238      1686.7902        26.3014        -165877.7228     12591.5432         0.0000         0.0000         0.0000        -150682.2152         0.0000   -150682.2152   -150682.2152         0.0000          15539.5313     -6023.0566    424529.9502     15539.5313     -6023.0566

ENERGY:     318       380.1453       664.3381      1690.1888        28.7589        -166109.3346     12740.1363         0.0000         0.0000         0.0000        -150605.7673         0.0000   -150605.7673   -150605.7673         0.0000          15628.9743     -5970.5588    424529.9502     15628.9743     -5970.5588

LINE MINIMIZER BRACKET: DX 0.00146443 0.00146443 DU -124.065 76.4479 DUDX -152370 -16661.6 121465 
ENERGY:     319       254.4688       646.8527      1687.0885        26.4388        -165906.7995     12608.2558         0.0000         0.0000         0.0000        -150683.6950         0.0000   -150683.6950   -150683.6950         0.0000          15550.4927     -6016.6021    424529.9502     15550.4927     -6016.6021

LINE MINIMIZER BRACKET: DX 0.000177157 0.00128727 DU -1.47978 77.9277 DUDX -16661.6 -105.59 121465 
LINE MINIMIZER REDUCING GRADIENT FROM 224987 TO 224.987
ETITLE:      TS           BOND          ANGLE          DIHED          IMPRP               ELECT            VDW       BOUNDARY           MISC        KINETIC               TOTAL           TEMP      POTENTIAL         TOTAL3        TEMPAVG            PRESSURE      GPRESSURE         VOLUME       PRESSAVG      GPRESSAVG

ENERGY:     320       256.4093       644.4345      1688.5228        27.6353        -166178.5695     12749.6528         0.0000         0.0000         0.0000        -150811.9147         0.0000   -150811.9147   -150811.9147         0.0000          15683.3764     -5913.0120    424529.9502     15683.3764     -5913.0120

ENERGY:     321       398.3934       671.1322      1691.2819        30.8409        -166425.3757     12918.3062         0.0000         0.0000         0.0000        -150715.4213         0.0000   -150715.4213   -150715.4213         0.0000          15814.4050     -5808.5177    424529.9502     15814.4050     -5808.5177

LINE MINIMIZER BRACKET: DX 0.00106262 0.00106262 DU -128.22 96.4934 DUDX -224987 -15656.1 198146 
ENERGY:     322       264.3256       645.7815      1688.7405        27.8651        -166204.4184     12765.2304         0.0000         0.0000         0.0000        -150812.4753         0.0000   -150812.4753   -150812.4753         0.0000          15696.5045     -5902.6711    424529.9502     15696.5045     -5902.6711

LINE MINIMIZER BRACKET: DX 0.000106262 0.000956362 DU -0.56065 97.0541 DUDX -15656.1 5477.21 198146 
ENERGY:     323       262.1765       645.4103      1688.6836        27.8047        -166197.8625     12761.2381         0.0000         0.0000         0.0000        -150812.5492         0.0000   -150812.5492   -150812.5492         0.0000          15693.1611     -5905.3070    424529.9502     15693.1611     -5905.3070

LINE MINIMIZER BRACKET: DX 7.92e-05 2.70625e-05 DU -0.634511 0.0738608 DUDX -15656.1 82.9009 5477.21 
LINE MINIMIZER REDUCING GRADIENT FROM 191388 TO 191.388
ENERGY:     324       238.1315       660.6223      1688.0122        28.0406        -166448.4910     12904.7827         0.0000         0.0000         0.0000        -150928.9016         0.0000   -150928.9016   -150928.9016         0.0000          15754.2111     -5880.8569    424529.9502     15754.2111     -5880.8569

ENERGY:     325       357.8958       710.6153      1689.2945        31.0278        -166672.9127     13074.0090         0.0000         0.0000         0.0000        -150810.0703         0.0000   -150810.0703   -150810.0703         0.0000          15811.6072     -5858.4872    424529.9502     15811.6072     -5858.4872

LINE MINIMIZER BRACKET: DX 0.00121443 0.00121443 DU -116.352 118.831 DUDX -191388 372.338 196103 
ENERGY:     326       234.0598       657.5377      1687.9882        27.8943        -166424.6171     12889.3365         0.0000         0.0000         0.0000        -150927.8007         0.0000   -150927.8007   -150927.8007         0.0000          15748.3011     -5883.1743    424529.9502     15748.3011     -5883.1743

LINE MINIMIZER BRACKET: DX 0.000121443 0.00121443 DU -1.1009 118.831 DUDX -19005.4 372.338 196103 
ENERGY:     327       237.6590       660.2964      1688.0085        28.0247        -166446.1380     12903.2318         0.0000         0.0000         0.0000        -150928.9177         0.0000   -150928.9177   -150928.9177         0.0000          15753.6216     -5881.0900    424529.9502     15753.6216     -5881.0900

LINE MINIMIZER BRACKET: DX 0.000109299 1.21443e-05 DU -1.11699 0.0160909 DUDX -19005.4 -1597.24 372.338 
ENERGY:     328       237.7865       660.3846      1688.0093        28.0290        -166446.7881     12903.6570         0.0000         0.0000         0.0000        -150928.9217         0.0000   -150928.9217   -150928.9217         0.0000          15753.7825     -5881.0271    424529.9502     15753.7825     -5881.0271

LINE MINIMIZER BRACKET: DX 3.31895e-06 8.82534e-06 DU -0.00406113 0.020152 DUDX -1597.24 -1068.16 372.338 
ENERGY:     329       237.8409       660.4220      1688.0097        28.0308        -166447.0638     12903.8372         0.0000         0.0000         0.0000        -150928.9232         0.0000   -150928.9232   -150928.9232         0.0000          15753.8505     -5881.0007    424529.9502     15753.8505     -5881.0007

LINE MINIMIZER BRACKET: DX 1.40633e-06 7.41901e-06 DU -0.0014438 0.0215958 DUDX -1068.16 -843.95 372.338 
ETITLE:      TS           BOND          ANGLE          DIHED          IMPRP               ELECT            VDW       BOUNDARY           MISC        KINETIC               TOTAL           TEMP      POTENTIAL         TOTAL3        TEMPAVG            PRESSURE      GPRESSURE         VOLUME       PRESSAVG      GPRESSAVG

ENERGY:     330       237.8732       660.4443      1688.0099        28.0319        -166447.2265     12903.9441         0.0000         0.0000         0.0000        -150928.9232         0.0000   -150928.9232   -150928.9232         0.0000          15753.8916     -5880.9841    424529.9502     15753.8916     -5880.9841

LINE MINIMIZER BRACKET: DX 8.33765e-07 6.58525e-06 DU -1.26487e-05 0.0216085 DUDX -843.95 -711.004 372.338 
LINE MINIMIZER REDUCING GRADIENT FROM 180308 TO 180.308
ENERGY:     331       239.7890       647.6038      1688.8439        26.7253        -166692.1751     13042.2498         0.0000         0.0000         0.0000        -151046.9634         0.0000   -151046.9634   -151046.9634         0.0000          15873.2615     -5792.6018    424529.9502     15873.2615     -5792.6018

ENERGY:     332       364.1191       671.0184      1692.1861        28.9694        -166910.8372     13205.9233         0.0000         0.0000         0.0000        -150948.6208         0.0000   -150948.6208   -150948.6208         0.0000          15990.9376     -5704.6565    424529.9502     15990.9376     -5704.6565

LINE MINIMIZER BRACKET: DX 0.00124711 0.00124711 DU -118.04 98.3426 DUDX -180308 -8518.54 166981 
ENERGY:     333       246.7050       648.3211      1689.0640        26.7910        -166715.2565     13057.4197         0.0000         0.0000         0.0000        -151046.9558         0.0000   -151046.9558   -151046.9558         0.0000          15885.0729     -5783.8336    424529.9502     15885.0729     -5783.8336

LINE MINIMIZER BRACKET: DX 0.00124711 0.000124711 DU -118.04 0.00760954 DUDX -180308 -8518.54 8824.85 
LINE MINIMIZER REDUCING GRADIENT FROM 178827 TO 178.827
ENERGY:     334       247.4358       641.5201      1690.3987        25.8123        -166966.6212     13204.4043         0.0000         0.0000         0.0000        -151157.0499         0.0000   -151157.0499   -151157.0499         0.0000          15991.1780     -5715.0323    424529.9502     15991.1780     -5715.0323

ENERGY:     335       377.0051       665.7614      1692.9670        26.4027        -167188.0901     13380.4199         0.0000         0.0000         0.0000        -151045.5341         0.0000   -151045.5341   -151045.5341         0.0000          16098.6496     -5641.7593    424529.9502     16098.6496     -5641.7593

LINE MINIMIZER BRACKET: DX 0.00122478 0.00122478 DU -110.094 111.516 DUDX -178827 -216.758 183409 
ENERGY:     336       254.6000       642.5362      1690.5990        25.8003        -166990.1547     13220.6275         0.0000         0.0000         0.0000        -151155.9917         0.0000   -151155.9917   -151155.9917         0.0000          16001.8058     -5707.9776    424529.9502     16001.8058     -5707.9776

LINE MINIMIZER BRACKET: DX 0.00122478 0.000122478 DU -110.094 1.05825 DUDX -178827 -216.758 17870.3 
ENERGY:     337       248.0936       641.6063      1690.4178        25.8103        -166969.0004     13206.0169         0.0000         0.0000         0.0000        -151157.0555         0.0000   -151157.0555   -151157.0555         0.0000          15992.2419     -5714.3279    424529.9502     15992.2419     -5714.3279

LINE MINIMIZER BRACKET: DX 1.22478e-05 0.00011023 DU -0.00560025 1.06385 DUDX -216.758 1567.4 17870.3 
ENERGY:     338       247.8372       641.5719      1690.4102        25.8110        -166968.0859     13205.3938         0.0000         0.0000         0.0000        -151157.0617         0.0000   -151157.0617   -151157.0617         0.0000          15991.8299     -5714.6011    424529.9502     15991.8299     -5714.6011

LINE MINIMIZER BRACKET: DX 7.50693e-06 4.7409e-06 DU -0.0117824 0.00618215 DUDX -216.758 867.195 1567.4 
ENERGY:     339       247.7653       641.5623      1690.4081        25.8113        -166967.8282     13205.2183         0.0000         0.0000         0.0000        -151157.0629         0.0000   -151157.0629   -151157.0629         0.0000          15991.7140     -5714.6780    424529.9502     15991.7140     -5714.6780

LINE MINIMIZER BRACKET: DX 6.17113e-06 1.3358e-06 DU -0.0129955 0.00121313 DUDX -216.758 669.91 867.195 
ETITLE:      TS           BOND          ANGLE          DIHED          IMPRP               ELECT            VDW       BOUNDARY           MISC        KINETIC               TOTAL           TEMP      POTENTIAL         TOTAL3        TEMPAVG            PRESSURE      GPRESSURE         VOLUME       PRESSAVG      GPRESSAVG

ENERGY:     340       247.7253       641.5570      1690.4069        25.8114        -166967.6850     13205.1205         0.0000         0.0000         0.0000        -151157.0640         0.0000   -151157.0640   -151157.0640         0.0000          15991.6488     -5714.7213    424529.9502     15991.6488     -5714.7213

LINE MINIMIZER BRACKET: DX 5.42645e-06 7.44677e-07 DU -0.0140456 0.00105008 DUDX -216.758 559.931 669.91 
ENERGY:     341       247.6961       641.5531      1690.4061        25.8115        -166967.5794     13205.0492         0.0000         0.0000         0.0000        -151157.0635         0.0000   -151157.0635   -151157.0635         0.0000          15991.6025     -5714.7517    424529.9502     15991.6025     -5714.7517

LINE MINIMIZER BRACKET: DX 5.42645e-07 7.44677e-07 DU -0.000484469 0.00105008 DUDX 479.799 559.931 669.91 
ENERGY:     342       247.7253       641.5570      1690.4069        25.8114        -166967.6850     13205.1205         0.0000         0.0000         0.0000        -151157.0640         0.0000   -151157.0640   -151157.0640         0.0000          15991.6486     -5714.7215    424529.9502     15991.6486     -5714.7215

LINE MINIMIZER REDUCING GRADIENT FROM 176084 TO 176.084
ENERGY:     343       247.1260       660.0553      1689.9640        26.2264        -167225.4742     13349.8588         0.0000         0.0000         0.0000        -151252.2438         0.0000   -151252.2438   -151252.2438         0.0000          16125.8728     -5624.9393    424529.9502     16125.8728     -5624.9393

ENERGY:     344       420.7399       718.0158      1692.3573        30.6405        -167449.2156     13526.6449         0.0000         0.0000         0.0000        -151060.8171         0.0000   -151060.8171   -151060.8171         0.0000          16256.9936     -5536.4510    424529.9502     16256.9936     -5536.4510

LINE MINIMIZER BRACKET: DX 0.00134661 0.00134661 DU -95.1798 191.427 DUDX -176084 35202.9 249742 
ENERGY:     345       235.1501       654.2333      1689.8299        25.8758        -167184.9438     13323.6862         0.0000         0.0000         0.0000        -151256.1685         0.0000   -151256.1685   -151256.1685         0.0000          16103.8471     -5639.6829    424529.9502     16103.8471     -5639.6829

LINE MINIMIZER BRACKET: DX 0.00112276 0.000223851 DU -99.1045 3.92474 DUDX -176084 -165.2 35202.9 
LINE MINIMIZER REDUCING GRADIENT FROM 156793 TO 156.793
ENERGY:     346       247.5830       654.1571      1690.7810        27.4925        -167442.6179     13462.2038         0.0000         0.0000         0.0000        -151360.4006         0.0000   -151360.4006   -151360.4006         0.0000          16176.3263     -5594.0683    424529.9502     16176.3263     -5594.0683

ENERGY:     347       400.9706       695.1973      1694.0002        33.0662        -167665.9847     13628.8935         0.0000         0.0000         0.0000        -151213.8568         0.0000   -151213.8568   -151213.8568         0.0000          16246.8419     -5548.2061    424529.9502     16246.8419     -5548.2061

LINE MINIMIZER BRACKET: DX 0.0014587 0.0014587 DU -104.232 146.544 DUDX -156793 14195.7 187190 
ENERGY:     348       239.9702       652.3177      1690.5827        27.1607        -167418.3705     13447.1301         0.0000         0.0000         0.0000        -151361.2090         0.0000   -151361.2090   -151361.2090         0.0000          16169.1997     -5598.6017    424529.9502     16169.1997     -5598.6017

LINE MINIMIZER BRACKET: DX 0.00131283 0.00014587 DU -105.041 0.80841 DUDX -156793 -3026.2 14195.7 
ENERGY:     349       241.2116       652.6121      1690.6160        27.2165        -167422.6806     13449.7725         0.0000         0.0000         0.0000        -151361.2518         0.0000   -151361.2518   -151361.2518         0.0000          16170.4560     -5597.8047    424529.9502     16170.4560     -5597.8047

LINE MINIMIZER BRACKET: DX 2.576e-05 0.00012011 DU -0.042837 0.851247 DUDX -3026.2 6.75265 14195.7 
LINE MINIMIZER REDUCING GRADIENT FROM 164396 TO 164.396
ETITLE:      TS           BOND          ANGLE          DIHED          IMPRP               ELECT            VDW       BOUNDARY           MISC        KINETIC               TOTAL           TEMP      POTENTIAL         TOTAL3        TEMPAVG            PRESSURE      GPRESSURE         VOLUME       PRESSAVG      GPRESSAVG

ENERGY:     350       252.3118       640.8961      1690.6353        27.4533        -167674.7098     13583.1490         0.0000         0.0000         0.0000        -151480.2643         0.0000   -151480.2643   -151480.2643         0.0000          16296.9410     -5490.0461    424529.9502     16296.9410     -5490.0461

ENERGY:     351       376.2303       664.3700      1692.5860        30.2506        -167890.0390     13745.5420         0.0000         0.0000         0.0000        -151381.0600         0.0000   -151381.0600   -151381.0600         0.0000          16426.6804     -5376.3134    424529.9502     16426.6804     -5376.3134

LINE MINIMIZER BRACKET: DX 0.00138045 0.00138045 DU -119.012 99.2042 DUDX -164396 -7522.37 152067 
ENERGY:     352       259.6436       641.6351      1690.7456        27.6197        -167697.9127     13598.0374         0.0000         0.0000         0.0000        -151480.2314         0.0000   -151480.2314   -151480.2314         0.0000          16309.7416     -5478.9731    424529.9502     16309.7416     -5478.9731

LINE MINIMIZER BRACKET: DX 0.00138045 0.000138045 DU -119.012 0.0329058 DUDX -164396 -7522.37 8267.46 
ENERGY:     353       255.7234       641.2078      1690.6863        27.5308        -167686.0036     13590.3304         0.0000         0.0000         0.0000        -151480.5249         0.0000   -151480.5249   -151480.5249         0.0000          16303.1419     -5484.6855    424529.9502     16303.1419     -5484.6855

LINE MINIMIZER BRACKET: DX 6.69027e-05 7.11427e-05 DU -0.260652 0.293558 DUDX -7522.37 104.698 8267.46 
LINE MINIMIZER REDUCING GRADIENT FROM 170219 TO 170.219
ENERGY:     354       233.1315       657.8871      1690.1490        26.5373        -167927.8084     13738.5258         0.0000         0.0000         0.0000        -151581.5776         0.0000   -151581.5776   -151581.5776         0.0000          16383.8402     -5451.4573    424529.9502     16383.8402     -5451.4573

ENERGY:     355       362.8511       715.4167      1692.1476        29.0345        -168127.2632     13920.5797         0.0000         0.0000         0.0000        -151407.2335         0.0000   -151407.2335   -151407.2335         0.0000          16465.7175     -5413.1426    424529.9502     16465.7175     -5413.1426

LINE MINIMIZER BRACKET: DX 0.00139402 0.00139402 DU -101.053 174.344 DUDX -170219 25842.9 225214 
ENERGY:     356       227.4194       653.3523      1690.0736        26.4717        -167898.4351     13717.1925         0.0000         0.0000         0.0000        -151583.9256         0.0000   -151583.9256   -151583.9256         0.0000          16373.2220     -5456.0538    424529.9502     16373.2220     -5456.0538

LINE MINIMIZER BRACKET: DX 0.00121084 0.000183182 DU -103.401 2.34797 DUDX -170219 -157.963 25842.9 
LINE MINIMIZER REDUCING GRADIENT FROM 150273 TO 150.273
ENERGY:     357       253.0781       649.2985      1691.8910        24.3452        -168151.3592     13868.5091         0.0000         0.0000         0.0000        -151664.2374         0.0000   -151664.2374   -151664.2374         0.0000          16505.8019     -5363.5741    424529.9502     16505.8019     -5363.5741

ENERGY:     358       469.1009       692.8783      1696.8371        27.5531        -168356.8911     14055.1968         0.0000         0.0000         0.0000        -151415.3249         0.0000   -151415.3249   -151415.3249         0.0000          16635.1409     -5269.7998    424529.9502     16635.1409     -5269.7998

LINE MINIMIZER BRACKET: DX 0.0016233 0.0016233 DU -80.3118 248.912 DUDX -150273 51716 255546 
ENERGY:     359       228.4026       645.7937      1691.1079        24.3623        -168091.1784     13826.5953         0.0000         0.0000         0.0000        -151674.9166         0.0000   -151674.9166   -151674.9166         0.0000          16472.3134     -5387.2231    424529.9502     16472.3134     -5387.2231

LINE MINIMIZER BRACKET: DX 0.00120849 0.000414817 DU -90.991 10.6792 DUDX -150273 -133.776 51716 
LINE MINIMIZER REDUCING GRADIENT FROM 156667 TO 156.667
ETITLE:      TS           BOND          ANGLE          DIHED          IMPRP               ELECT            VDW       BOUNDARY           MISC        KINETIC               TOTAL           TEMP      POTENTIAL         TOTAL3        TEMPAVG            PRESSURE      GPRESSURE         VOLUME       PRESSAVG      GPRESSAVG

ENERGY:     360       261.5952       640.9807      1691.5179        25.8861        -168352.3132     13969.4429         0.0000         0.0000         0.0000        -151762.8904         0.0000   -151762.8904   -151762.8904         0.0000          16583.4458     -5315.8199    424529.9502     16583.4458     -5315.8199

ENERGY:     361       463.0938       684.4254      1695.0283        31.9679        -168565.3870     14147.0225         0.0000         0.0000         0.0000        -151543.8491         0.0000   -151543.8491   -151543.8491         0.0000          16693.4998     -5241.0864    424529.9502     16693.4998     -5241.0864

LINE MINIMIZER BRACKET: DX 0.00153367 0.00153367 DU -87.9739 219.041 DUDX -156667 42338.3 243883 
ENERGY:     362       240.4480       637.9821      1691.1696        25.1802        -168300.8540     13936.3011         0.0000         0.0000         0.0000        -151769.7730         0.0000   -151769.7730   -151769.7730         0.0000          16559.9908     -5331.1925    424529.9502     16559.9908     -5331.1925

LINE MINIMIZER BRACKET: DX 0.00120803 0.000325643 DU -94.8565 6.88259 DUDX -156667 -196.299 42338.3 
ENERGY:     363       242.2207       638.1836      1691.1981        25.2415        -168306.0957     13939.5452         0.0000         0.0000         0.0000        -151769.7066         0.0000   -151769.7066   -151769.7066         0.0000          16562.3418     -5329.6590    424529.9502     16562.3418     -5329.6590

LINE MINIMIZER BRACKET: DX 0.00120803 3.25643e-05 DU -94.8565 0.0664707 DUDX -156667 -196.299 4044.47 
ENERGY:     364       240.6218       638.0013      1691.1724        25.1862        -168301.3796     13936.6248         0.0000         0.0000         0.0000        -151769.7731         0.0000   -151769.7731   -151769.7731         0.0000          16560.2253     -5331.0399    424529.9502     16560.2253     -5331.0399

LINE MINIMIZER BRACKET: DX 3.25643e-06 2.93079e-05 DU -3.06571e-05 0.0665014 DUDX -196.299 227.724 4044.47 
LINE MINIMIZER REDUCING GRADIENT FROM 153980 TO 153.98
ENERGY:     365       247.6045       648.8463      1690.1308        28.8661        -168555.0689     14070.1316         0.0000         0.0000         0.0000        -151869.4895         0.0000   -151869.4895   -151869.4895         0.0000          16648.8066     -5272.9804    424529.9502     16648.8066     -5272.9804

ENERGY:     366       401.4043       701.4119      1692.4036        36.9551        -168757.7633     14240.6435         0.0000         0.0000         0.0000        -151684.9450         0.0000   -151684.9450   -151684.9450         0.0000          16741.1533     -5206.4739    424529.9502     16741.1533     -5206.4739

LINE MINIMIZER BRACKET: DX 0.00156314 0.00156314 DU -99.7165 184.545 DUDX -153980 26738.2 209760 
ENERGY:     367       237.3214       644.6159      1690.0662        28.0459        -168520.8065     14048.1614         0.0000         0.0000         0.0000        -151872.5959         0.0000   -151872.5959   -151872.5959         0.0000          16635.5329     -5282.0464    424529.9502     16635.5329     -5282.0464

LINE MINIMIZER BRACKET: DX 0.00133231 0.000230837 DU -102.823 3.10634 DUDX -153980 -158.151 26738.2 
ENERGY:     368       238.2053       644.9975      1690.0693        28.1236        -168524.2859     14050.3220         0.0000         0.0000         0.0000        -151872.5681         0.0000   -151872.5681   -151872.5681         0.0000          16636.8554     -5281.1498    424529.9502     16636.8554     -5281.1498

LINE MINIMIZER BRACKET: DX 0.00133231 2.30837e-05 DU -102.823 0.0277289 DUDX -153980 -158.151 2522.54 
ENERGY:     369       237.4083       644.6536      1690.0664        28.0536        -168521.1547     14048.3771         0.0000         0.0000         0.0000        -151872.5957         0.0000   -151872.5957   -151872.5957         0.0000          16635.6654     -5281.9566    424529.9502     16635.6654     -5281.9566

LINE MINIMIZER BRACKET: DX 0.00133231 2.30837e-06 DU -102.823 0.000197347 DUDX -153980 -158.151 109.892 
LINE MINIMIZER REDUCING GRADIENT FROM 149713 TO 149.713
ETITLE:      TS           BOND          ANGLE          DIHED          IMPRP               ELECT            VDW       BOUNDARY           MISC        KINETIC               TOTAL           TEMP      POTENTIAL         TOTAL3        TEMPAVG            PRESSURE      GPRESSURE         VOLUME       PRESSAVG      GPRESSAVG

ENERGY:     370       251.6461       641.7006      1690.1438        27.3443        -168761.2736     14186.9716         0.0000         0.0000         0.0000        -151963.4672         0.0000   -151963.4672   -151963.4672         0.0000          16739.0225     -5204.6437    424529.9502     16739.0225     -5204.6437

ENERGY:     371       432.5476       683.8061      1693.4908        31.7057        -168945.4924     14366.1901         0.0000         0.0000         0.0000        -151737.7520         0.0000   -151737.7520   -151737.7520         0.0000          16845.5321     -5118.8845    424529.9502     16845.5321     -5118.8845

LINE MINIMIZER BRACKET: DX 0.00165442 0.00165442 DU -90.8715 225.715 DUDX -149713 40315.5 233288 
ENERGY:     372       234.7150       638.5728      1689.8501        27.0615        -168715.0835     14154.3789         0.0000         0.0000         0.0000        -151970.5053         0.0000   -151970.5053   -151970.5053         0.0000          16716.9918     -5221.5967    424529.9502     16716.9918     -5221.5967

LINE MINIMIZER BRACKET: DX 0.00130427 0.000350155 DU -97.9096 7.0381 DUDX -149713 -214.396 40315.5 
ENERGY:     373       236.0716       638.7942      1689.8728        27.0795        -168719.8125     14157.5573         0.0000         0.0000         0.0000        -151970.4370         0.0000   -151970.4370   -151970.4370         0.0000          16719.1966     -5219.9116    424529.9502     16719.1966     -5219.9116

LINE MINIMIZER BRACKET: DX 0.00130427 3.50155e-05 DU -97.9096 0.0682098 DUDX -149713 -214.396 3825.47 
ENERGY:     374       234.8473       638.5940      1689.8523        27.0632        -168715.5589     14154.6959         0.0000         0.0000         0.0000        -151970.5062         0.0000   -151970.5062   -151970.5062         0.0000          16717.2107     -5221.4300    424529.9502     16717.2107     -5221.4300

LINE MINIMIZER BRACKET: DX 3.50155e-06 3.1514e-05 DU -0.000939111 0.069149 DUDX -214.396 189.5 3825.47 
ENERGY:     375       234.8198       638.5896      1689.8518        27.0629        -168715.4605     14154.6303         0.0000         0.0000         0.0000        -151970.5061         0.0000   -151970.5061   -151970.5061         0.0000          16717.1655     -5221.4644    424529.9502     16717.1655     -5221.4644

LINE MINIMIZER BRACKET: DX 7.24872e-07 3.1514e-05 DU -0.000109593 0.069149 DUDX 105.895 189.5 3825.47 
ENERGY:     376       234.8473       638.5940      1689.8523        27.0632        -168715.5589     14154.6959         0.0000         0.0000         0.0000        -151970.5062         0.0000   -151970.5062   -151970.5062         0.0000          16717.2107     -5221.4301    424529.9502     16717.2107     -5221.4301

LINE MINIMIZER REDUCING GRADIENT FROM 148082 TO 148.082
ENERGY:     377       260.8081       643.2379      1690.6625        25.5618        -168938.8658     14291.3366         0.0000         0.0000         0.0000        -152027.2589         0.0000   -152027.2589   -152027.2589         0.0000          16780.6043     -5188.7706    424529.9502     16780.6043     -5188.7706

ENERGY:     378       500.3765       705.3599      1694.4586        29.5283        -169106.9232     14466.8585         0.0000         0.0000         0.0000        -151710.3414         0.0000   -151710.3414   -151710.3414         0.0000          16839.7690     -5154.9044    424529.9502     16839.7690     -5154.9044

LINE MINIMIZER BRACKET: DX 0.00163539 0.00163539 DU -56.7527 316.918 DUDX -148082 79135.1 309075 
ENERGY:     379       227.4139       635.1668      1690.0450        25.5194        -168867.4427     14239.6153         0.0000         0.0000         0.0000        -152049.6824         0.0000   -152049.6824   -152049.6824         0.0000          16759.1929     -5200.0922    424529.9502     16759.1929     -5200.0922

LINE MINIMIZER BRACKET: DX 0.00106696 0.000568424 DU -79.1762 22.4235 DUDX -148082 -188.462 79135.1 
ETITLE:      TS           BOND          ANGLE          DIHED          IMPRP               ELECT            VDW       BOUNDARY           MISC        KINETIC               TOTAL           TEMP      POTENTIAL         TOTAL3        TEMPAVG            PRESSURE      GPRESSURE         VOLUME       PRESSAVG      GPRESSAVG

ENERGY:     380       229.5879       635.6621      1690.0905        25.4956        -168874.8830     14244.5808         0.0000         0.0000         0.0000        -152049.4661         0.0000   -152049.4661   -152049.4661         0.0000          16761.3650     -5198.9587    424529.9502     16761.3650     -5198.9587

LINE MINIMIZER BRACKET: DX 0.00106696 5.68424e-05 DU -79.1762 0.216304 DUDX -148082 -188.462 7723.13 
ENERGY:     381       227.6196       635.2132      1690.0494        25.5167        -168868.1892     14240.1098         0.0000         0.0000         0.0000        -152049.6804         0.0000   -152049.6804   -152049.6804         0.0000          16759.4110     -5199.9783    424529.9502     16759.4110     -5199.9783

LINE MINIMIZER BRACKET: DX 0.00106696 5.68424e-06 DU -79.1762 0.00194066 DUDX -148082 -188.462 602.53 
ENERGY:     382       227.4503       635.1750      1690.0458        25.5189        -168867.5753     14239.7032         0.0000         0.0000         0.0000        -152049.6821         0.0000   -152049.6821   -152049.6821         0.0000          16759.2320     -5200.0717    424529.9502     16759.2320     -5200.0717

LINE MINIMIZER BRACKET: DX 0.00106696 1.01087e-06 DU -79.1762 0.000242796 DUDX -148082 -188.462 -47.8167 
ENERGY:     383       227.4139       635.1668      1690.0450        25.5194        -168867.4427     14239.6153         0.0000         0.0000         0.0000        -152049.6823         0.0000   -152049.6823   -152049.6823         0.0000          16759.1930     -5200.0921    424529.9502     16759.1930     -5200.0921

LINE MINIMIZER REDUCING GRADIENT FROM 133771 TO 133.771
ENERGY:     384       243.3366       646.2773      1689.1087        24.2942        -169092.8303     14346.6400         0.0000         0.0000         0.0000        -152143.1735         0.0000   -152143.1735   -152143.1735         0.0000          16863.5191     -5122.7437    424529.9502     16863.5191     -5122.7437

ENERGY:     385       401.5199       698.0938      1691.1492        27.3382        -169265.0747     14489.8008         0.0000         0.0000         0.0000        -151957.1728         0.0000   -151957.1728   -151957.1728         0.0000          16971.6966     -5037.5271    424529.9502     16971.6966     -5037.5271

LINE MINIMIZER BRACKET: DX 0.00173488 0.00173488 DU -93.4912 186.001 DUDX -133771 26315.5 188411 
ENERGY:     386       230.9719       641.6422      1689.0555        24.1997        -169059.4540     14326.6858         0.0000         0.0000         0.0000        -152146.8989         0.0000   -152146.8989   -152146.8989         0.0000          16846.1976     -5135.9008    424529.9502     16846.1976     -5135.9008

LINE MINIMIZER BRACKET: DX 0.00145027 0.000284612 DU -97.2166 3.72538 DUDX -133771 -134.214 26315.5 
ENERGY:     387       232.0356       642.0555      1689.0573        24.2040        -169062.8563     14328.6381         0.0000         0.0000         0.0000        -152146.8658         0.0000   -152146.8658   -152146.8658         0.0000          16847.9247     -5134.5951    424529.9502     16847.9247     -5134.5951

LINE MINIMIZER BRACKET: DX 0.00145027 2.84612e-05 DU -97.2166 0.0330937 DUDX -133771 -134.214 2502.91 
ENERGY:     388       231.0765       641.6830      1689.0557        24.2001        -169059.7956     14326.8806         0.0000         0.0000         0.0000        -152146.8997         0.0000   -152146.8997   -152146.8997         0.0000          16846.3696     -5135.7710    424529.9502     16846.3696     -5135.7710

LINE MINIMIZER BRACKET: DX 2.84612e-06 2.56151e-05 DU -0.0007774 0.0338711 DUDX -134.214 129.472 2502.91 
MINIMIZER RESTARTING CONJUGATE GRADIENT ALGORITHM
LINE MINIMIZER REDUCING GRADIENT FROM 149089 TO 149.089
ENERGY:     389       444.0964       676.3855      1692.2971        26.6202        -169104.8837     14299.4939         0.0000         0.0000         0.0000        -151965.9906         0.0000   -151965.9906   -151965.9906         0.0000          16744.6989     -5273.6310    424529.9502     16744.6989     -5273.6310

LINE MINIMIZER BRACKET: DX 0 0.00199915 DU 0 180.909 DUDX -149089 -149089 330085 
ETITLE:      TS           BOND          ANGLE          DIHED          IMPRP               ELECT            VDW       BOUNDARY           MISC        KINETIC               TOTAL           TEMP      POTENTIAL         TOTAL3        TEMPAVG            PRESSURE      GPRESSURE         VOLUME       PRESSAVG      GPRESSAVG

ENERGY:     390       217.5331       633.1189      1689.1772        23.9218        -169074.2131     14317.1796         0.0000         0.0000         0.0000        -152193.2826         0.0000   -152193.2826   -152193.2826         0.0000          16824.9963     -5165.5738    424529.9502     16824.9963     -5165.5738

LINE MINIMIZER BRACKET: DX 0.000622021 0.00137712 DU -46.3829 227.292 DUDX -149089 -38.6921 330085 
LINE MINIMIZER REDUCING GRADIENT FROM 71107.3 TO 71.1073
ENERGY:     391       409.1367       672.6252      1694.1670        38.1764        -169207.1337     14230.4138         0.0000         0.0000         0.0000        -152162.6145         0.0000   -152162.6145   -152162.6145         0.0000          16790.0165     -5235.7223    424529.9502     16790.0165     -5235.7223

LINE MINIMIZER BRACKET: DX 0 0.00429873 DU 0 30.668 DUDX -71107.3 -71107.3 84979.4 
ENERGY:     392       252.8229       634.4948      1689.9128        27.5950        -169138.9726     14271.6333         0.0000         0.0000         0.0000        -152262.5138         0.0000   -152262.5138   -152262.5138         0.0000          16812.9932     -5192.1300    424529.9502     16812.9932     -5192.1300

LINE MINIMIZER BRACKET: DX 0.00195338 0.00234535 DU -69.2313 99.8993 DUDX -71107.3 119.314 84979.4 
ENERGY:     393       245.4177       633.1090      1689.7193        27.0122        -169132.8240     14275.7213         0.0000         0.0000         0.0000        -152261.8444         0.0000   -152261.8444   -152261.8444         0.0000          16814.4763     -5189.0874    424529.9502     16814.4763     -5189.0874

LINE MINIMIZER BRACKET: DX 0.000195338 0.00234535 DU -0.66946 99.8993 DUDX -6981.23 119.314 84979.4 
ENERGY:     394       252.0436       634.3438      1689.8923        27.5346        -169138.3610     14272.0375         0.0000         0.0000         0.0000        -152262.5092         0.0000   -152262.5092   -152262.5092         0.0000          16813.1441     -5191.8221    424529.9502     16813.1441     -5191.8221

LINE MINIMIZER BRACKET: DX 1.95338e-05 0.00234535 DU -0.00457465 99.8993 DUDX -590.537 119.314 84979.4 
ENERGY:     395       252.6908       634.4691      1689.9093        27.5848        -169138.8695     14271.7015         0.0000         0.0000         0.0000        -152262.5141         0.0000   -152262.5141   -152262.5141         0.0000          16813.0184     -5192.0783    424529.9502     16813.0184     -5192.0783

LINE MINIMIZER BRACKET: DX 1.62373e-05 3.2965e-06 DU -0.0048518 0.000277152 DUDX -590.537 -0.496217 119.314 
LINE MINIMIZER REDUCING GRADIENT FROM 195474 TO 195.474
ENERGY:     396       306.4754       657.6777      1687.4388        29.4597        -169236.2192     14215.0552         0.0000         0.0000         0.0000        -152340.1124         0.0000   -152340.1124   -152340.1124         0.0000          16702.2391     -5323.4313    424529.9502     16702.2391     -5323.4313

ENERGY:     397       764.9614       769.9956      1687.4456        34.0790        -169308.0120     14188.5551         0.0000         0.0000         0.0000        -151862.9753         0.0000   -151862.9753   -151862.9753         0.0000          16558.4405     -5493.5374    424529.9502     16558.4405     -5493.5374

LINE MINIMIZER BRACKET: DX 0.00181804 0.00181804 DU -77.5983 477.137 DUDX -195474 109964 414287 
ENERGY:     398       240.3027       639.1274      1688.0518        28.4810        -169204.0039     14231.9582         0.0000         0.0000         0.0000        -152376.0829         0.0000   -152376.0829   -152376.0829         0.0000          16745.9512     -5271.6311    424529.9502     16745.9512     -5271.6311

LINE MINIMIZER BRACKET: DX 0.0011632 0.000654844 DU -113.569 35.9705 DUDX -195474 -15.8163 109964 
LINE MINIMIZER REDUCING GRADIENT FROM 177835 TO 177.835
ENERGY:     399       268.7578       640.7270      1687.9277        24.1873        -169279.9823     14185.9298         0.0000         0.0000         0.0000        -152472.4526         0.0000   -152472.4526   -152472.4526         0.0000          16742.7559     -5283.9268    424529.9502     16742.7559     -5283.9268

TIMING: 400  CPU: 110.835, 0.275213/step  Wall: 110.838, 0.27523/step, 0.00764527 hours remaining, 23.724424 MB of memory in use.
PERFORMANCE: 400  averaging 0.626693 ns/day, 0.275733 sec/step with standard deviation 0.00275405
ETITLE:      TS           BOND          ANGLE          DIHED          IMPRP               ELECT            VDW       BOUNDARY           MISC        KINETIC               TOTAL           TEMP      POTENTIAL         TOTAL3        TEMPAVG            PRESSURE      GPRESSURE         VOLUME       PRESSAVG      GPRESSAVG

ENERGY:     400       549.7210       696.3715      1693.5600        27.4574        -169334.3286     14162.9345         0.0000         0.0000         0.0000        -152204.2842         0.0000   -152204.2842   -152204.2842         0.0000          16720.4914     -5315.8109    424529.9502     16720.4914     -5315.8109

LINE MINIMIZER BRACKET: DX 0.00157119 0.00157119 DU -96.3697 268.168 DUDX -177835 54982.2 286040 
ENERGY:     401       239.2116       635.4643      1687.4097        24.4956        -169263.9581     14194.7180         0.0000         0.0000         0.0000        -152482.6589         0.0000   -152482.6589   -152482.6589         0.0000          16745.2165     -5279.2181    424529.9502     16745.2165     -5279.2181

LINE MINIMIZER BRACKET: DX 0.00119985 0.000371342 DU -106.576 10.2063 DUDX -177835 56.2689 54982.2 
LINE MINIMIZER REDUCING GRADIENT FROM 168768 TO 168.768
ENERGY:     402       263.4949       647.9513      1688.8886        23.6521        -169342.0378     14159.1306         0.0000         0.0000         0.0000        -152558.9203         0.0000   -152558.9203   -152558.9203         0.0000          16673.1818     -5373.4130    424529.9502     16673.1818     -5373.4130

ENERGY:     403       568.1069       722.8478      1692.9975        27.7700        -169395.6574     14146.9078         0.0000         0.0000         0.0000        -152237.0273         0.0000   -152237.0273   -152237.0273         0.0000          16578.7777     -5491.9585    424529.9502     16578.7777     -5491.9585

LINE MINIMIZER BRACKET: DX 0.00163095 0.00163095 DU -76.2614 321.893 DUDX -168768 75282.2 319189 
ENERGY:     404       226.0797       637.4658      1688.1536        23.4006        -169320.5257     14167.5935         0.0000         0.0000         0.0000        -152577.8324         0.0000   -152577.8324   -152577.8324         0.0000          16697.7910     -5341.7444    424529.9502     16697.7910     -5341.7444

LINE MINIMIZER BRACKET: DX 0.00112792 0.000503034 DU -95.1735 18.9121 DUDX -168768 -43.4022 75282.2 
LINE MINIMIZER REDUCING GRADIENT FROM 126197 TO 126.197
ENERGY:     405       281.7427       650.9832      1687.3158        26.8170        -169415.8843     14129.0675         0.0000         0.0000         0.0000        -152639.9582         0.0000   -152639.9582   -152639.9582         0.0000          16678.7804     -5370.4990    424529.9502     16678.7804     -5370.4990

ENERGY:     406       602.9530       728.3185      1691.6965        37.7550        -169488.1177     14111.7217         0.0000         0.0000         0.0000        -152315.6729         0.0000   -152315.6729   -152315.6729         0.0000          16636.5613     -5426.1581    424529.9502     16636.5613     -5426.1581

LINE MINIMIZER BRACKET: DX 0.0020286 0.0020286 DU -62.1258 324.285 DUDX -126197 64768.6 254533 
ENERGY:     407       233.0518       639.2290      1686.9606        24.7986        -169386.0741     14139.7410         0.0000         0.0000         0.0000        -152662.2930         0.0000   -152662.2930   -152662.2930         0.0000          16687.8012     -5357.7732    424529.9502     16687.8012     -5357.7732

LINE MINIMIZER BRACKET: DX 0.00133993 0.00068867 DU -84.4606 22.3348 DUDX -126197 17.4975 64768.6 
LINE MINIMIZER REDUCING GRADIENT FROM 132653 TO 132.653
ENERGY:     408       273.4758       639.2666      1687.2052        27.6868        -169469.9267     14113.3003         0.0000         0.0000         0.0000        -152728.9919         0.0000   -152728.9919   -152728.9919         0.0000          16646.9689     -5407.8325    424529.9502     16646.9689     -5407.8325

ENERGY:     409       527.6702       679.7285      1689.9764        34.6952        -169536.6499     14102.8407         0.0000         0.0000         0.0000        -152501.7389         0.0000   -152501.7389   -152501.7389         0.0000          16588.0168     -5476.3979    424529.9502     16588.0168     -5476.3979

LINE MINIMIZER BRACKET: DX 0.00161252 0.00161252 DU -66.699 227.253 DUDX -132653 49883.1 231955 
ETITLE:      TS           BOND          ANGLE          DIHED          IMPRP               ELECT            VDW       BOUNDARY           MISC        KINETIC               TOTAL           TEMP      POTENTIAL         TOTAL3        TEMPAVG            PRESSURE      GPRESSURE         VOLUME       PRESSAVG      GPRESSAVG

ENERGY:     410       241.1828       635.2353      1686.8789        26.4902        -169448.6656     14118.9253         0.0000         0.0000         0.0000        -152739.9531         0.0000   -152739.9531   -152739.9531         0.0000          16659.9388     -5392.3048    424529.9502     16659.9388     -5392.3048

LINE MINIMIZER BRACKET: DX 0.00117175 0.00044077 DU -77.6602 10.9612 DUDX -132653 2.65162 49883.1 
LINE MINIMIZER REDUCING GRADIENT FROM 125225 TO 125.225
ENERGY:     411       266.7507       641.5692      1686.1151        25.7676        -169533.3510     14099.7855         0.0000         0.0000         0.0000        -152813.3630         0.0000   -152813.3630   -152813.3630         0.0000          16617.2849     -5456.6656    424529.9502     16617.2849     -5456.6656

ENERGY:     412       509.9588       698.2688      1688.5875        29.5776        -169596.0591     14102.0227         0.0000         0.0000         0.0000        -152567.6436         0.0000   -152567.6436   -152567.6436         0.0000          16558.6408     -5538.3163    424529.9502     16558.6408     -5538.3163

LINE MINIMIZER BRACKET: DX 0.00186103 0.00186103 DU -73.4099 245.719 DUDX -125225 46367 217825 
ENERGY:     413       238.3769       634.9012      1685.9961        25.5117        -169512.6348     14102.8379         0.0000         0.0000         0.0000        -152825.0110         0.0000   -152825.0110   -152825.0110         0.0000          16630.3582     -5437.5760    424529.9502     16630.3582     -5437.5760

LINE MINIMIZER BRACKET: DX 0.00135825 0.000502783 DU -85.0579 11.648 DUDX -125225 -24.6494 46367 
LINE MINIMIZER REDUCING GRADIENT FROM 125483 TO 125.483
ENERGY:     414       263.8764       647.6469      1685.8529        25.1834        -169584.1936     14088.3061         0.0000         0.0000         0.0000        -152873.3279         0.0000   -152873.3279   -152873.3279         0.0000          16613.3089     -5476.8112    424529.9502     16613.3089     -5476.8112

ENERGY:     415       531.5905       713.6044      1688.9818        29.3239        -169634.6068     14094.4581         0.0000         0.0000         0.0000        -152576.6481         0.0000   -152576.6481   -152576.6481         0.0000          16576.3222     -5536.5009    424529.9502     16576.3222     -5536.5009

LINE MINIMIZER BRACKET: DX 0.00175902 0.00175902 DU -48.3169 296.68 DUDX -125483 70571.9 266672 
ENERGY:     416       226.7989       636.9479      1685.5214        24.7840        -169560.8406     14091.1481         0.0000         0.0000         0.0000        -152895.6404         0.0000   -152895.6404   -152895.6404         0.0000          16621.7472     -5460.3235    424529.9502     16621.7472     -5460.3235

LINE MINIMIZER BRACKET: DX 0.00112592 0.000633096 DU -70.6294 22.3125 DUDX -125483 -28.7756 70571.9 
LINE MINIMIZER REDUCING GRADIENT FROM 98406 TO 98.406
ENERGY:     417       265.6397       641.6680      1686.0747        24.0429        -169632.7515     14076.4348         0.0000         0.0000         0.0000        -152938.8914         0.0000   -152938.8914   -152938.8914         0.0000          16602.1753     -5488.8836    424529.9502     16602.1753     -5488.8836

ENERGY:     418       514.8148       695.6132      1689.2676        27.5332        -169686.7358     14078.1917         0.0000         0.0000         0.0000        -152681.3153         0.0000   -152681.3153   -152681.3153         0.0000          16564.0825     -5538.2833    424529.9502     16564.0825     -5538.2833

LINE MINIMIZER BRACKET: DX 0.00196891 0.00196891 DU -43.2509 257.576 DUDX -98406 54420.1 206950 
ENERGY:     419       227.6383       634.3624      1685.5773        23.8256        -169609.1633     14079.7812         0.0000         0.0000         0.0000        -152957.9784         0.0000   -152957.9784   -152957.9784         0.0000          16611.2692     -5476.3153    424529.9502     16611.2692     -5476.3153

LINE MINIMIZER BRACKET: DX 0.00126756 0.000701349 DU -62.338 19.0871 DUDX -98406 -16.4988 54420.1 
LINE MINIMIZER REDUCING GRADIENT FROM 93166.1 TO 93.1661
ETITLE:      TS           BOND          ANGLE          DIHED          IMPRP               ELECT            VDW       BOUNDARY           MISC        KINETIC               TOTAL           TEMP      POTENTIAL         TOTAL3        TEMPAVG            PRESSURE      GPRESSURE         VOLUME       PRESSAVG      GPRESSAVG

ENERGY:     420       270.8774       642.2747      1685.3341        24.6830        -169681.6592     14062.4523         0.0000         0.0000         0.0000        -152996.0376         0.0000   -152996.0376   -152996.0376         0.0000          16589.2309     -5510.2012    424529.9502     16589.2309     -5510.2012

ENERGY:     421       509.2765       692.8800      1687.2109        28.9564        -169738.4681     14059.0487         0.0000         0.0000         0.0000        -152761.0956         0.0000   -152761.0956   -152761.0956         0.0000          16548.9723     -5562.6577    424529.9502     16548.9723     -5562.6577

LINE MINIMIZER BRACKET: DX 0.00187476 0.00187476 DU -38.0592 234.942 DUDX -93166.1 52526.6 198028 
ENERGY:     422       232.7842       634.4864      1685.1745        23.9829        -169657.3048     14067.0870         0.0000         0.0000         0.0000        -153013.7899         0.0000   -153013.7899   -153013.7899         0.0000          16599.2681     -5495.8504    424529.9502     16599.2681     -5495.8504

LINE MINIMIZER BRACKET: DX 0.00119867 0.000676081 DU -55.8115 17.7522 DUDX -93166.1 -10.4796 52526.6 
LINE MINIMIZER REDUCING GRADIENT FROM 91238.7 TO 91.2387
ENERGY:     423       271.3105       652.8080      1683.8655        26.9314        -169735.1884     14052.6148         0.0000         0.0000         0.0000        -153047.6581         0.0000   -153047.6581   -153047.6581         0.0000          16563.9128     -5539.7719    424529.9502     16563.9128     -5539.7719

ENERGY:     424       519.6662       717.9003      1685.2334        33.9321        -169794.7429     14054.6311         0.0000         0.0000         0.0000        -152783.3798         0.0000   -152783.3798   -152783.3798         0.0000          16509.9797     -5603.7086    424529.9502     16509.9797     -5603.7086

LINE MINIMIZER BRACKET: DX 0.00200433 0.00200433 DU -33.8683 264.278 DUDX -91238.7 57428.9 206148 
ENERGY:     425       231.6123       640.1579      1684.0377        25.3134        -169707.2398     14056.2368         0.0000         0.0000         0.0000        -153069.8818         0.0000   -153069.8818   -153069.8818         0.0000          16579.7656     -5520.4347    424529.9502     16579.7656     -5520.4347

LINE MINIMIZER BRACKET: DX 0.00123 0.000774331 DU -56.092 22.2237 DUDX -91238.7 -31.6853 57428.9 
LINE MINIMIZER REDUCING GRADIENT FROM 84292 TO 84.292
ENERGY:     426       292.1170       643.8459      1684.2801        25.9937        -169779.8532     14043.5779         0.0000         0.0000         0.0000        -153090.0386         0.0000   -153090.0386   -153090.0386         0.0000          16573.7888     -5542.6525    424529.9502     16573.7888     -5542.6525

ENERGY:     427       606.7867       705.3854      1687.6810        31.1381        -169828.7568     14053.1058         0.0000         0.0000         0.0000        -152744.6599         0.0000   -152744.6599   -152744.6599         0.0000          16546.9447     -5587.4109    424529.9502     16546.9447     -5587.4109

LINE MINIMIZER BRACKET: DX 0.00240895 0.00240895 DU -20.1568 345.379 DUDX -84292 67472 219000 
ENERGY:     428       233.7298       635.1464      1683.7776        25.1326        -169750.4493     14046.4501         0.0000         0.0000         0.0000        -153126.2129         0.0000   -153126.2129   -153126.2129         0.0000          16579.0088     -5529.9916    424529.9502     16579.0088     -5529.9916

LINE MINIMIZER BRACKET: DX 0.00133737 0.00107159 DU -56.331 36.1742 DUDX -84292 -46.7415 67472 
LINE MINIMIZER REDUCING GRADIENT FROM 88655.9 TO 88.6559
ENERGY:     429       275.7605       641.4822      1684.2165        24.2606        -169816.0724     14038.9698         0.0000         0.0000         0.0000        -153151.3828         0.0000   -153151.3828   -153151.3828         0.0000          16539.3711     -5587.4955    424529.9502     16539.3711     -5587.4955

ETITLE:      TS           BOND          ANGLE          DIHED          IMPRP               ELECT            VDW       BOUNDARY           MISC        KINETIC               TOTAL           TEMP      POTENTIAL         TOTAL3        TEMPAVG            PRESSURE      GPRESSURE         VOLUME       PRESSAVG      GPRESSAVG

ENERGY:     430       553.1858       697.7665      1687.8118        27.7240        -169860.3089     14053.5346         0.0000         0.0000         0.0000        -152840.2861         0.0000   -152840.2861   -152840.2861         0.0000          16481.7377     -5663.3899    424529.9502     16481.7377     -5663.3899

LINE MINIMIZER BRACKET: DX 0.00217943 0.00217943 DU -25.1699 311.097 DUDX -88655.9 65552.6 219867 
ENERGY:     431       229.1543       632.6538      1683.6609        24.1020        -169790.7667     14039.4516         0.0000         0.0000         0.0000        -153181.7441         0.0000   -153181.7441   -153181.7441         0.0000          16558.4171     -5560.7883    424529.9502     16558.4171     -5560.7883

LINE MINIMIZER BRACKET: DX 0.00125294 0.00092649 DU -55.5313 30.3614 DUDX -88655.9 -45.3305 65552.6 
LINE MINIMIZER REDUCING GRADIENT FROM 83968.5 TO 83.9685
ENERGY:     432       301.4319       656.1123      1683.7624        25.0847        -169870.7919     14032.8051         0.0000         0.0000         0.0000        -153171.5955         0.0000   -153171.5955   -153171.5955         0.0000          16517.9689     -5615.4503    424529.9502     16517.9689     -5615.4503

LINE MINIMIZER BRACKET: DX 0 0.00233881 DU 0 10.1487 DUDX -83968.5 -83968.5 92627.6 
ENERGY:     433       226.3437       636.1755      1683.2545        23.9609        -169831.5513     14033.3854         0.0000         0.0000         0.0000        -153228.4314         0.0000   -153228.4314   -153228.4314         0.0000          16542.3218     -5583.2664    424529.9502     16542.3218     -5583.2664

LINE MINIMIZER BRACKET: DX 0.00111194 0.00122687 DU -46.6872 56.8359 DUDX -83968.5 -21.6284 92627.6 
LINE MINIMIZER REDUCING GRADIENT FROM 65284.7 TO 65.2847
ENERGY:     434       307.3726       643.2922      1683.4147        25.8523        -169915.3999     14027.1262         0.0000         0.0000         0.0000        -153228.3419         0.0000   -153228.3419   -153228.3419         0.0000          16576.2015     -5565.3203    424529.9502     16576.2015     -5565.3203

LINE MINIMIZER BRACKET: DX 0 0.00301945 DU 0 0.089492 DUDX -65284.7 -65284.7 65305.7 
ENERGY:     435       232.6527       631.7150      1682.7912        24.1741        -169876.2554     14027.2257         0.0000         0.0000         0.0000        -153277.6966         0.0000   -153277.6966   -153277.6966         0.0000          16562.0900     -5571.0962    424529.9502     16562.0900     -5571.0962

LINE MINIMIZER BRACKET: DX 0.00150904 0.00151041 DU -49.2653 49.3548 DUDX -65284.7 -29.4918 65305.7 
LINE MINIMIZER REDUCING GRADIENT FROM 82197.1 TO 82.1971
ENERGY:     436       308.0532       653.4709      1682.7719        26.7342        -169972.2635     14025.6544         0.0000         0.0000         0.0000        -153275.5789         0.0000   -153275.5789   -153275.5789         0.0000          16535.5810     -5617.1887    424529.9502     16535.5810     -5617.1887

LINE MINIMIZER BRACKET: DX 0 0.00245625 DU 0 2.1177 DUDX -82197.1 -82197.1 83864 
ENERGY:     437       234.4128       634.2194      1682.3858        24.8509        -169926.7790     14023.2520         0.0000         0.0000         0.0000        -153327.6581         0.0000   -153327.6581   -153327.6581         0.0000          16551.8270     -5590.9118    424529.9502     16551.8270     -5590.9118

LINE MINIMIZER BRACKET: DX 0.00121538 0.00124087 DU -49.9615 52.0792 DUDX -82197.1 -52.0238 83864 
LINE MINIMIZER REDUCING GRADIENT FROM 76758.7 TO 76.7587
ENERGY:     438       280.6562       656.4347      1681.8145        25.9836        -170015.3577     14030.5715         0.0000         0.0000         0.0000        -153339.8972         0.0000   -153339.8972   -153339.8972         0.0000          16510.2400     -5639.9576    424529.9502     16510.2400     -5639.9576

ENERGY:     439       580.0899       731.0607      1684.3529        31.1329        -170081.5234     14061.8830         0.0000         0.0000         0.0000        -152993.0039         0.0000   -152993.0039   -152993.0039         0.0000          16449.8296     -5709.6223    424529.9502     16449.8296     -5709.6223

LINE MINIMIZER BRACKET: DX 0.00249283 0.00249283 DU -12.2391 346.893 DUDX -76758.7 67026.9 211423 
ETITLE:      TS           BOND          ANGLE          DIHED          IMPRP               ELECT            VDW       BOUNDARY           MISC        KINETIC               TOTAL           TEMP      POTENTIAL         TOTAL3        TEMPAVG            PRESSURE      GPRESSURE         VOLUME       PRESSAVG      GPRESSAVG

ENERGY:     440       227.6606       639.4922      1681.6976        24.9483        -169976.7885     14024.2488         0.0000         0.0000         0.0000        -153378.7410         0.0000   -153378.7410   -153378.7410         0.0000          16532.0325     -5614.4481    424529.9502     16532.0325     -5614.4481

LINE MINIMIZER BRACKET: DX 0.00133148 0.00116135 DU -51.0828 38.8438 DUDX -76758.7 -64.4496 67026.9 
LINE MINIMIZER REDUCING GRADIENT FROM 82181.1 TO 82.1811
ENERGY:     441       281.0945       638.8827      1682.6414        25.1704        -170064.0748     14037.7404         0.0000         0.0000         0.0000        -153398.5455         0.0000   -153398.5455   -153398.5455         0.0000          16545.9397     -5621.3137    424529.9502     16545.9397     -5621.3137

ENERGY:     442       559.8231       690.1309      1687.1257        30.1029        -170130.5361     14074.0972         0.0000         0.0000         0.0000        -153089.2562         0.0000   -153089.2562   -153089.2562         0.0000          16543.4950     -5645.1923    424529.9502     16543.4950     -5645.1923

LINE MINIMIZER BRACKET: DX 0.00223751 0.00223751 DU -19.8045 309.289 DUDX -82181.1 64569.7 211931 
ENERGY:     443       229.7057       632.8693      1681.7953        24.4789        -170028.2023     14029.0753         0.0000         0.0000         0.0000        -153430.2778         0.0000   -153430.2778   -153430.2778         0.0000          16541.8895     -5616.1010    424529.9502     16541.8895     -5616.1010

LINE MINIMIZER BRACKET: DX 0.00125362 0.000983884 DU -51.5368 31.7323 DUDX -82181.1 -64.5551 64569.7 
LINE MINIMIZER REDUCING GRADIENT FROM 77486.5 TO 77.4865
ENERGY:     444       280.6863       643.8941      1681.8985        24.5411        -170121.3354     14052.1023         0.0000         0.0000         0.0000        -153438.2130         0.0000   -153438.2130   -153438.2130         0.0000          16563.5418     -5613.0952    424529.9502     16563.5418     -5613.0952

ENERGY:     445       573.2174       707.6061      1684.7633        27.9008        -170194.8827     14096.1636         0.0000         0.0000         0.0000        -153105.2316         0.0000   -153105.2316   -153105.2316         0.0000          16566.0967     -5630.6172    424529.9502     16566.0967     -5630.6172

LINE MINIMIZER BRACKET: DX 0.00229048 0.00229048 DU -7.93524 332.981 DUDX -77486.5 70766 220268 
ENERGY:     446       226.3723       631.9761      1681.5081        24.1014        -170079.3107     14038.5977         0.0000         0.0000         0.0000        -153476.7552         0.0000   -153476.7552   -153476.7552         0.0000          16555.6603     -5611.8774    424529.9502     16555.6603     -5611.8774

LINE MINIMIZER BRACKET: DX 0.00119869 0.00109179 DU -46.4774 38.5422 DUDX -77486.5 -73.4463 70766 
LINE MINIMIZER REDUCING GRADIENT FROM 72284.7 TO 72.2847
ENERGY:     447       270.3017       647.7866      1681.3086        26.0254        -170187.2531     14062.1342         0.0000         0.0000         0.0000        -153499.6967         0.0000   -153499.6967   -153499.6967         0.0000          16540.9915     -5651.0978    424529.9502     16540.9915     -5651.0978

ENERGY:     448       509.5453       710.7454      1684.3793        32.9454        -170277.7455     14103.9581         0.0000         0.0000         0.0000        -153236.1721         0.0000   -153236.1721   -153236.1721         0.0000          16510.9052     -5707.6162    424529.9502     16510.9052     -5707.6162

LINE MINIMIZER BRACKET: DX 0.0022933 0.0022933 DU -22.9415 263.525 DUDX -72284.7 52387.4 177553 
ENERGY:     449       227.9768       635.4598      1680.9663        24.6030        -170143.9716     14050.1191         0.0000         0.0000         0.0000        -153524.8466         0.0000   -153524.8466   -153524.8466         0.0000          16549.1265     -5632.3987    424529.9502     16549.1265     -5632.3987

LINE MINIMIZER BRACKET: DX 0.0013305 0.000962798 DU -48.0914 25.1499 DUDX -72284.7 -32.2041 52387.4 
LINE MINIMIZER REDUCING GRADIENT FROM 73647.7 TO 73.6477
ETITLE:      TS           BOND          ANGLE          DIHED          IMPRP               ELECT            VDW       BOUNDARY           MISC        KINETIC               TOTAL           TEMP      POTENTIAL         TOTAL3        TEMPAVG            PRESSURE      GPRESSURE         VOLUME       PRESSAVG      GPRESSAVG

ENERGY:     450       277.7929       637.5643      1681.0844        25.2929        -170252.6456     14078.6370         0.0000         0.0000         0.0000        -153552.2741         0.0000   -153552.2741   -153552.2741         0.0000          16574.3578     -5608.2858    424529.9502     16574.3578     -5608.2858

ENERGY:     451       518.6055       674.8379      1682.8281        28.1738        -170344.7201     14123.7444         0.0000         0.0000         0.0000        -153316.5304         0.0000   -153316.5304   -153316.5304         0.0000          16585.2230     -5598.9349    424529.9502     16585.2230     -5598.9349

LINE MINIMIZER BRACKET: DX 0.00214714 0.00214714 DU -27.4276 235.744 DUDX -73647.7 48326.6 171505 
ENERGY:     452       235.3480       632.4519      1680.8412        24.7601        -170211.6012     14065.4667         0.0000         0.0000         0.0000        -153572.7332         0.0000   -153572.7332   -153572.7332         0.0000          16566.1422     -5615.9915    424529.9502     16566.1422     -5615.9915

LINE MINIMIZER BRACKET: DX 0.00129802 0.000849126 DU -47.8867 20.4591 DUDX -73647.7 -64.2938 48326.6 
LINE MINIMIZER REDUCING GRADIENT FROM 85494.6 TO 85.4946
ENERGY:     453       259.5867       633.4406      1681.8932        24.5295        -170322.3707     14099.9265         0.0000         0.0000         0.0000        -153622.9942         0.0000   -153622.9942   -153622.9942         0.0000          16590.6721     -5617.7084    424529.9502     16590.6721     -5617.7084

ENERGY:     454       440.9938       671.4761      1685.7161        28.1859        -170413.5195     14153.5284         0.0000         0.0000         0.0000        -153433.6192         0.0000   -153433.6192   -153433.6192         0.0000          16605.7685     -5628.8614    424529.9502     16605.7685     -5628.8614

LINE MINIMIZER BRACKET: DX 0.00197731 0.00197731 DU -50.2609 189.375 DUDX -85494.6 34882.9 156771 
ENERGY:     455       236.3596       629.3904      1681.3067        24.1973        -170292.2727     14088.0965         0.0000         0.0000         0.0000        -153632.9221         0.0000   -153632.9221   -153632.9221         0.0000          16584.6358     -5616.1221    424529.9502     16584.6358     -5616.1221

LINE MINIMIZER BRACKET: DX 0.0014054 0.000571908 DU -60.1889 9.92795 DUDX -85494.6 -105.287 34882.9 
ENERGY:     456       238.0894       629.6562      1681.3548        24.2159        -170295.3547     14089.2097         0.0000         0.0000         0.0000        -153632.8286         0.0000   -153632.8286   -153632.8286         0.0000          16585.2761     -5616.2431    424529.9502     16585.2761     -5616.2431

LINE MINIMIZER BRACKET: DX 0.0014054 5.71908e-05 DU -60.1889 0.0934597 DUDX -85494.6 -105.287 3385.87 
ENERGY:     457       236.5267       629.4156      1681.3114        24.1991        -170292.5793     14088.2072         0.0000         0.0000         0.0000        -153632.9195         0.0000   -153632.9195   -153632.9195         0.0000          16584.7029     -5616.1311    424529.9502     16584.7029     -5616.1311

LINE MINIMIZER BRACKET: DX 0.0014054 5.71908e-06 DU -60.1889 0.00264073 DUDX -85494.6 -105.287 243.751 
ENERGY:     458       236.3763       629.3929      1681.3072        24.1975        -170292.3039     14088.1076         0.0000         0.0000         0.0000        -153632.9224         0.0000   -153632.9224   -153632.9224         0.0000          16584.6420     -5616.1236    424529.9502     16584.6420     -5616.1236

LINE MINIMIZER BRACKET: DX 5.71908e-07 5.14717e-06 DU -0.000340411 0.00298114 DUDX -105.287 -70.3879 243.751 
LINE MINIMIZER REDUCING GRADIENT FROM 86541.8 TO 86.5418
ENERGY:     459       238.1245       649.8096      1681.6944        24.3751        -170392.3314     14127.7485         0.0000         0.0000         0.0000        -153670.5794         0.0000   -153670.5794   -153670.5794         0.0000          16600.4652     -5609.8567    424529.9502     16600.4652     -5609.8567

ETITLE:      TS           BOND          ANGLE          DIHED          IMPRP               ELECT            VDW       BOUNDARY           MISC        KINETIC               TOTAL           TEMP      POTENTIAL         TOTAL3        TEMPAVG            PRESSURE      GPRESSURE         VOLUME       PRESSAVG      GPRESSAVG

ENERGY:     460       398.4663       701.5759      1683.7011        26.3255        -170477.0603     14181.8989         0.0000         0.0000         0.0000        -153485.0927         0.0000   -153485.0927   -153485.0927         0.0000          16604.7159     -5615.4107    424529.9502     16604.7159     -5615.4107

LINE MINIMIZER BRACKET: DX 0.00171301 0.00171301 DU -37.6569 185.487 DUDX -86541.8 42886.8 174150 
ENERGY:     461       220.0772       639.5353      1681.3874        24.1192        -170360.9152     14113.1287         0.0000         0.0000         0.0000        -153682.6674         0.0000   -153682.6674   -153682.6674         0.0000          16596.5689     -5610.5513    424529.9502     16596.5689     -5610.5513

LINE MINIMIZER BRACKET: DX 0.00114676 0.000566256 DU -49.745 12.088 DUDX -86541.8 -109.541 42886.8 
ENERGY:     462       221.1035       640.4071      1681.4101        24.1361        -170364.1273     14114.5217         0.0000         0.0000         0.0000        -153682.5489         0.0000   -153682.5489   -153682.5489         0.0000          16597.0208     -5610.4179    424529.9502     16597.0208     -5610.4179

LINE MINIMIZER BRACKET: DX 0.00114676 5.66256e-05 DU -49.745 0.118471 DUDX -86541.8 -109.541 4179.51 
ENERGY:     463       220.1721       639.6209      1681.3896        24.1208        -170361.2378     14113.2673         0.0000         0.0000         0.0000        -153682.6671         0.0000   -153682.6671   -153682.6671         0.0000          16596.6141     -5610.5378    424529.9502     16596.6141     -5610.5378

LINE MINIMIZER BRACKET: DX 0.00114676 5.66256e-06 DU -49.745 0.000305586 DUDX -86541.8 -109.541 319.256 
LINE MINIMIZER REDUCING GRADIENT FROM 76898.6 TO 76.8986
ENERGY:     464       243.1060       634.0157      1681.3013        23.4157        -170466.4282     14154.4887         0.0000         0.0000         0.0000        -153730.1008         0.0000   -153730.1008   -153730.1008         0.0000          16607.9507     -5621.9194    424529.9502     16607.9507     -5621.9194

ENERGY:     465       385.0971       657.6906      1683.3606        25.5374        -170558.3209     14208.2500         0.0000         0.0000         0.0000        -153598.3851         0.0000   -153598.3851   -153598.3851         0.0000          16610.5721     -5641.9899    424529.9502     16610.5721     -5641.9899

LINE MINIMIZER BRACKET: DX 0.00177394 0.00177394 DU -47.4337 131.716 DUDX -76898.6 23590.4 125094 
ENERGY:     466       227.0016       632.7363      1681.1261        23.3252        -170442.9115     14143.7661         0.0000         0.0000         0.0000        -153734.9561         0.0000   -153734.9561   -153734.9561         0.0000          16606.1506     -5618.3809    424529.9502     16606.1506     -5618.3809

LINE MINIMIZER BRACKET: DX 0.0013582 0.00041574 DU -52.289 4.85529 DUDX -76898.6 -56.724 23590.4 
LINE MINIMIZER REDUCING GRADIENT FROM 86061.6 TO 86.0616
ENERGY:     467       258.3694       631.1345      1680.8002        24.1401        -170561.1143     14189.0789         0.0000         0.0000         0.0000        -153777.5911         0.0000   -153777.5911   -153777.5911         0.0000          16684.5859     -5556.9763    424529.9502     16684.5859     -5556.9763

ENERGY:     468       430.4752       660.1407      1682.0574        27.2352        -170663.9478     14248.8399         0.0000         0.0000         0.0000        -153615.1993         0.0000   -153615.1993   -153615.1993         0.0000          16753.3477     -5505.2953    424529.9502     16753.3477     -5505.2953

LINE MINIMIZER BRACKET: DX 0.00167332 0.00167332 DU -42.635 162.392 DUDX -86061.6 35427.6 158873 
ENERGY:     469       234.8092       628.3818      1680.7312        23.6655        -170528.2881     14174.5121         0.0000         0.0000         0.0000        -153786.1883         0.0000   -153786.1883   -153786.1883         0.0000          16662.8223     -5573.7623    424529.9502     16662.8223     -5573.7623

LINE MINIMIZER BRACKET: DX 0.00118666 0.000486657 DU -51.2322 8.5972 DUDX -86061.6 -112.289 35427.6 
ETITLE:      TS           BOND          ANGLE          DIHED          IMPRP               ELECT            VDW       BOUNDARY           MISC        KINETIC               TOTAL           TEMP      POTENTIAL         TOTAL3        TEMPAVG            PRESSURE      GPRESSURE         VOLUME       PRESSAVG      GPRESSAVG

ENERGY:     470       236.6304       628.5392      1680.7321        23.7042        -170531.6202     14175.9159         0.0000         0.0000         0.0000        -153786.0984         0.0000   -153786.0984   -153786.0984         0.0000          16665.0453     -5572.0364    424529.9502     16665.0453     -5572.0364

LINE MINIMIZER BRACKET: DX 0.00118666 4.86657e-05 DU -51.2322 0.0899389 DUDX -86061.6 -112.289 3432.77 
ENERGY:     471       234.9860       628.3964      1680.7313        23.6692        -170528.6221     14174.6520         0.0000         0.0000         0.0000        -153786.1873         0.0000   -153786.1873   -153786.1873         0.0000          16663.0446     -5573.5898    424529.9502     16663.0446     -5573.5898

LINE MINIMIZER BRACKET: DX 0.00118666 4.86657e-06 DU -51.2322 0.000944322 DUDX -86061.6 -112.289 242.14 
ENERGY:     472       234.8415       628.3844      1680.7312        23.6662        -170528.3498     14174.5377         0.0000         0.0000         0.0000        -153786.1887         0.0000   -153786.1887   -153786.1887         0.0000          16662.8624     -5573.7313    424529.9502     16662.8624     -5573.7313

LINE MINIMIZER BRACKET: DX 8.91949e-07 3.97463e-06 DU -0.000443954 0.00138828 DUDX -112.289 -47.3414 242.14 
LINE MINIMIZER REDUCING GRADIENT FROM 77062.2 TO 77.0622
ENERGY:     473       246.0492       643.4163      1680.6386        26.1426        -170649.8184     14223.1349         0.0000         0.0000         0.0000        -153830.4367         0.0000   -153830.4367   -153830.4367         0.0000          16641.9115     -5613.4146    424529.9502     16641.9115     -5613.4146

ENERGY:     474       388.4339       687.3382      1682.7619        31.7796        -170755.7810     14286.2731         0.0000         0.0000         0.0000        -153679.1942         0.0000   -153679.1942   -153679.1942         0.0000          16612.3735     -5662.1012    424529.9502     16612.3735     -5662.1012

LINE MINIMIZER BRACKET: DX 0.00182981 0.00182981 DU -44.248 151.243 DUDX -77062.2 28946.9 136631 
ENERGY:     475       229.9469       636.5026      1680.4348        25.1556        -170618.2262     14208.5649         0.0000         0.0000         0.0000        -153837.6213         0.0000   -153837.6213   -153837.6213         0.0000          16648.5474     -5601.6246    424529.9502     16648.5474     -5601.6246

LINE MINIMIZER BRACKET: DX 0.00133133 0.000498482 DU -51.4325 7.18454 DUDX -77062.2 -100.231 28946.9 
ENERGY:     476       231.1182       637.0980      1680.4476        25.2438        -170621.4362     14209.9754         0.0000         0.0000         0.0000        -153837.5532         0.0000   -153837.5532   -153837.5532         0.0000          16647.9140     -5602.7720    424529.9502     16647.9140     -5602.7720

LINE MINIMIZER BRACKET: DX 0.00133133 4.98482e-05 DU -51.4325 0.0680829 DUDX -77062.2 -100.231 2797.86 
ENERGY:     477       230.0597       636.5612      1680.4360        25.1643        -170618.5476     14208.7055         0.0000         0.0000         0.0000        -153837.6209         0.0000   -153837.6209   -153837.6209         0.0000          16648.4845     -5601.7390    424529.9502     16648.4845     -5601.7390

LINE MINIMIZER BRACKET: DX 0.00133133 4.98482e-06 DU -51.4325 0.000351175 DUDX -77062.2 -100.231 189.501 
LINE MINIMIZER REDUCING GRADIENT FROM 84497.3 TO 84.4973
ENERGY:     478       249.6927       635.8662      1681.8347        25.3629        -170747.4926     14267.7950         0.0000         0.0000         0.0000        -153886.9411         0.0000   -153886.9411   -153886.9411         0.0000          16714.0516     -5539.9827    424529.9502     16714.0516     -5539.9827

ENERGY:     479       408.8194       666.6296      1685.1086        28.1960        -170856.3962     14346.2408         0.0000         0.0000         0.0000        -153721.4017         0.0000   -153721.4017   -153721.4017         0.0000          16773.1120     -5483.8006    424529.9502     16773.1120     -5483.8006

LINE MINIMIZER BRACKET: DX 0.00183626 0.00183626 DU -49.3202 165.539 DUDX -84497.3 31176.9 149744 
ETITLE:      TS           BOND          ANGLE          DIHED          IMPRP               ELECT            VDW       BOUNDARY           MISC        KINETIC               TOTAL           TEMP      POTENTIAL         TOTAL3        TEMPAVG            PRESSURE      GPRESSURE         VOLUME       PRESSAVG      GPRESSAVG

ENERGY:     480       230.7733       632.9127      1681.2735        25.0488        -170714.7784     14250.1946         0.0000         0.0000         0.0000        -153894.5753         0.0000   -153894.5753   -153894.5753         0.0000          16697.1950     -5555.8803    424529.9502     16697.1950     -5555.8803

LINE MINIMIZER BRACKET: DX 0.00134304 0.000493221 DU -56.9544 7.63419 DUDX -84497.3 -170.723 31176.9 
ENERGY:     481       232.2130       633.1050      1681.3235        25.0717        -170718.1125     14251.8950         0.0000         0.0000         0.0000        -153894.5043         0.0000   -153894.5043   -153894.5043         0.0000          16698.9061     -5554.2678    424529.9502     16698.9061     -5554.2678

LINE MINIMIZER BRACKET: DX 0.00134304 4.93221e-05 DU -56.9544 0.0709891 DUDX -84497.3 -170.723 2952.94 
ENERGY:     482       230.9128       632.9309      1681.2784        25.0510        -170715.1139     14250.3641         0.0000         0.0000         0.0000        -153894.5766         0.0000   -153894.5766   -153894.5766         0.0000          16697.3646     -5555.7206    424529.9502     16697.3646     -5555.7206

LINE MINIMIZER BRACKET: DX 4.93221e-06 4.43899e-05 DU -0.0013215 0.0723106 DUDX -170.723 141.536 2952.94 
ENERGY:     483       230.8886       632.9278      1681.2776        25.0507        -170715.0556     14250.3348         0.0000         0.0000         0.0000        -153894.5762         0.0000   -153894.5762   -153894.5762         0.0000          16697.3358     -5555.7478    424529.9502     16697.3358     -5555.7478

LINE MINIMIZER BRACKET: DX 8.52425e-07 4.43899e-05 DU -0.000487219 0.0723106 DUDX 87.5618 141.536 2952.94 
ENERGY:     484       230.9128       632.9309      1681.2784        25.0510        -170715.1139     14250.3641         0.0000         0.0000         0.0000        -153894.5766         0.0000   -153894.5766   -153894.5766         0.0000          16697.3645     -5555.7207    424529.9502     16697.3645     -5555.7207

LINE MINIMIZER REDUCING GRADIENT FROM 88740.2 TO 88.7402
ENERGY:     485       245.7265       633.2152      1681.3901        22.9228        -170839.1631     14317.0129         0.0000         0.0000         0.0000        -153938.8955         0.0000   -153938.8955   -153938.8955         0.0000          16717.9292     -5564.4919    424529.9502     16717.9292     -5564.4919

ENERGY:     486       393.5448       663.9335      1683.5155        23.7090        -170944.9169     14401.6283         0.0000         0.0000         0.0000        -153778.5857         0.0000   -153778.5857   -153778.5857         0.0000          16731.9671     -5579.1536    424529.9502     16731.9671     -5579.1536

LINE MINIMIZER BRACKET: DX 0.00163538 0.00163538 DU -44.3189 160.31 DUDX -88740.2 34964.4 161493 
ENERGY:     487       228.0447       630.0995      1681.1583        23.2307        -170806.0367     14296.5912         0.0000         0.0000         0.0000        -153946.9123         0.0000   -153946.9123   -153946.9123         0.0000          16712.9094     -5561.2816    424529.9502     16712.9094     -5561.2816

LINE MINIMIZER BRACKET: DX 0.00117473 0.000460649 DU -52.3356 8.01672 DUDX -88740.2 -159.808 34964.4 
ENERGY:     488       229.3371       630.3027      1681.1744        23.1895        -170809.4198     14298.5725         0.0000         0.0000         0.0000        -153946.8436         0.0000   -153946.8436   -153946.8436         0.0000          16713.4305     -5561.5851    424529.9502     16713.4305     -5561.5851

LINE MINIMIZER BRACKET: DX 0.00117473 4.60649e-05 DU -52.3356 0.0686332 DUDX -88740.2 -159.808 3340.89 
ENERGY:     489       228.1692       630.1188      1681.1599        23.2265        -170806.3759     14296.7887         0.0000         0.0000         0.0000        -153946.9129         0.0000   -153946.9129   -153946.9129         0.0000          16712.9615     -5561.3119    424529.9502     16712.9615     -5561.3119

LINE MINIMIZER BRACKET: DX 4.60649e-06 4.14584e-05 DU -0.00062719 0.0692604 DUDX -159.808 190.16 3340.89 
ETITLE:      TS           BOND          ANGLE          DIHED          IMPRP               ELECT            VDW       BOUNDARY           MISC        KINETIC               TOTAL           TEMP      POTENTIAL         TOTAL3        TEMPAVG            PRESSURE      GPRESSURE         VOLUME       PRESSAVG      GPRESSAVG

ENERGY:     490       228.1328       630.1131      1681.1594        23.2277        -170806.2772     14296.7311         0.0000         0.0000         0.0000        -153946.9130         0.0000   -153946.9130   -153946.9130         0.0000          16712.9462     -5561.3033    424529.9502     16712.9462     -5561.3033

LINE MINIMIZER BRACKET: DX 3.26427e-06 1.34222e-06 DU -0.000725381 9.81913e-05 DUDX -159.808 88.1907 190.16 
LINE MINIMIZER REDUCING GRADIENT FROM 75351.8 TO 75.3518
ENERGY:     491       255.5018       650.5645      1680.8286        23.0798        -170950.5150     14367.0013         0.0000         0.0000         0.0000        -153973.5390         0.0000   -153973.5390   -153973.5390         0.0000          16810.6342     -5491.0212    424529.9502     16810.6342     -5491.0212

ENERGY:     492       454.7193       708.8905      1682.8568        25.9185        -171073.3778     14458.3608         0.0000         0.0000         0.0000        -153742.6317         0.0000   -153742.6317   -153742.6317         0.0000          16898.7190     -5429.8879    424529.9502     16898.7190     -5429.8879

LINE MINIMIZER BRACKET: DX 0.00203567 0.00203567 DU -26.626 230.907 DUDX -75351.8 49651.3 177711 
ENERGY:     493       224.1968       637.8859      1680.6712        22.7801        -170895.9161     14336.9437         0.0000         0.0000         0.0000        -153993.4385         0.0000   -153993.4385   -153993.4385         0.0000          16773.3176     -5517.5015    424529.9502     16773.3176     -5517.5015

LINE MINIMIZER BRACKET: DX 0.00123006 0.00080561 DU -46.5255 19.8995 DUDX -75351.8 -160.115 49651.3 
ENERGY:     494       226.1183       638.8847      1680.6700        22.7890        -170901.5192     14339.8109         0.0000         0.0000         0.0000        -153993.2463         0.0000   -153993.2463   -153993.2463         0.0000          16777.1307     -5514.7738    424529.9502     16777.1307     -5514.7738

LINE MINIMIZER BRACKET: DX 0.00123006 8.0561e-05 DU -46.5255 0.192142 DUDX -75351.8 -160.115 4798.96 
ENERGY:     495       224.3769       637.9831      1680.6709        22.7808        -170896.4765     14337.2291         0.0000         0.0000         0.0000        -153993.4358         0.0000   -153993.4358   -153993.4358         0.0000          16773.7012     -5517.2265    424529.9502     16773.7012     -5517.2265

LINE MINIMIZER BRACKET: DX 0.00123006 8.0561e-06 DU -46.5255 0.00262972 DUDX -75351.8 -160.115 335.6 
ENERGY:     496       224.2262       637.9018      1680.6711        22.7802        -170896.0076     14336.9906         0.0000         0.0000         0.0000        -153993.4376         0.0000   -153993.4376   -153993.4376         0.0000          16773.3815     -5517.4555    424529.9502     16773.3815     -5517.4555

LINE MINIMIZER BRACKET: DX 0.00123006 1.32559e-06 DU -46.5255 0.000866789 DUDX -75351.8 -160.115 -78.5634 
ENERGY:     497       224.1968       637.8859      1680.6712        22.7801        -170895.9160     14336.9437         0.0000         0.0000         0.0000        -153993.4384         0.0000   -153993.4384   -153993.4384         0.0000          16773.3177     -5517.5014    424529.9502     16773.3177     -5517.5014

LINE MINIMIZER REDUCING GRADIENT FROM 72306.1 TO 72.3061
ENERGY:     498       251.9483       640.2845      1680.7924        25.0116        -171041.4142     14407.8662         0.0000         0.0000         0.0000        -154035.5113         0.0000   -154035.5113   -154035.5113         0.0000          16787.2946     -5528.9313    424529.9502     16787.2946     -5528.9313

ENERGY:     499       413.9948       674.5262      1682.8660        30.0707        -171166.6915     14498.6959         0.0000         0.0000         0.0000        -153866.5379         0.0000   -153866.5379   -153866.5379         0.0000          16795.7854     -5545.1201    424529.9502     16795.7854     -5545.1201

LDB: ============= START OF LOAD BALANCING ============== 160.993
LDB: ============== END OF LOAD BALANCING =============== 160.993
LDB: =============== DONE WITH MIGRATION ================ 160.993
LINE MINIMIZER BRACKET: DX 0.00202002 0.00202002 DU -42.0728 168.973 DUDX -72306.1 30996.9 136673 
Info: Initial time: 1 CPUs 0.276126 s/step 1.59795 days/ns 23.7244 MB memory
TIMING: 500  CPU: 138.604, 0.277695/step  Wall: 138.608, 0.277702/step, 0 hours remaining, 23.724424 MB of memory in use.
PERFORMANCE: 500  averaging 0.6258 ns/day, 0.276127 sec/step with standard deviation 0.00254238
ETITLE:      TS           BOND          ANGLE          DIHED          IMPRP               ELECT            VDW       BOUNDARY           MISC        KINETIC               TOTAL           TEMP      POTENTIAL         TOTAL3        TEMPAVG            PRESSURE      GPRESSURE         VOLUME       PRESSAVG      GPRESSAVG

ENERGY:     500       251.9460       640.2810      1680.7922        25.0115        -171041.4156     14407.8709         0.0000         0.0000         0.0000        -154035.5139         0.0000   -154035.5139   -154035.5139         0.0000          16787.2997     -5528.9250    424529.9502     16787.2997     -5528.9250

REINITIALIZING VELOCITIES AT STEP 500 TO 300 KELVIN.
TCL: Running for 1000 steps
ENERGY:     500       251.9460       640.2810      1680.7922        25.0115        -171041.4156     14407.8709         0.0000         0.0000     24014.3388        -130021.1751       298.6609   -154035.5139   -130039.3366       298.6609          -4174.7884     -4172.6331    424529.9502     -4174.7884     -4172.6331

LDB: ============= START OF LOAD BALANCING ============== 189.625
LDB: ============== END OF LOAD BALANCING =============== 189.625
LDB: =============== DONE WITH MIGRATION ================ 189.625
TIMING: 600  CPU: 167.885, 0.288141/step  Wall: 167.889, 0.288146/step, 0.0720364 hours remaining, 23.724424 MB of memory in use.
PERFORMANCE: 600  averaging 0.621293 ns/day, 0.27813 sec/step with standard deviation 0.0054081
ENERGY:     600       624.3780      1700.4146      1906.3267        97.4715        -152173.4258     12823.1547         0.0000         0.0000     19496.4467        -115525.2336       242.4729   -135021.6803   -115499.5972       211.5182          -1818.3786     -1797.4470    424529.9502     -1708.6670     -1710.8113

TIMING: 700  CPU: 194.248, 0.263636/step  Wall: 194.253, 0.26364/step, 0.0585867 hours remaining, 23.724424 MB of memory in use.
PERFORMANCE: 700  averaging 0.625951 ns/day, 0.27606 sec/step with standard deviation 0.00737329
ENERGY:     700       716.7773      1837.0310      1931.0350       111.6124        -148795.7787     12373.5388         0.0000         0.0000     22409.4283        -109416.3560       278.7010   -131825.7842   -109361.6441       264.4584          -1442.7794     -1449.2255    424529.9502     -1529.6852     -1524.1547

TIMING: 800  CPU: 222.301, 0.280525/step  Wall: 222.306, 0.280533/step, 0.0545481 hours remaining, 23.724424 MB of memory in use.
PERFORMANCE: 800  averaging 0.624686 ns/day, 0.276619 sec/step with standard deviation 0.00700716
ENERGY:     800       708.6847      1856.2171      1941.4246       120.4405        -146500.3888     11481.0146         0.0000         0.0000     23293.1372        -107099.4702       289.6914   -130392.6074   -107050.1206       284.7446          -1650.7736     -1695.8059    424529.9502     -1433.1301     -1433.1848

TIMING: 900  CPU: 251.087, 0.287858/step  Wall: 251.093, 0.287861/step, 0.0479769 hours remaining, 23.724424 MB of memory in use.
PERFORMANCE: 900  averaging 0.621878 ns/day, 0.277868 sec/step with standard deviation 0.00755025
ENERGY:     900       693.4523      1910.7635      1962.7221       135.6676        -146166.6299     11893.7954         0.0000         0.0000     23820.2212        -105750.0077       296.2467   -129570.2289   -105712.7320       293.1830          -1153.7324     -1165.2550    424529.9502     -1344.1065     -1341.3743

LDB: ============= START OF LOAD BALANCING ============== 301.415
LDB: ============== END OF LOAD BALANCING =============== 301.415
LDB: =============== DONE WITH MIGRATION ================ 301.415
Info: Initial time: 1 CPUs 0.282315 s/step 1.63377 days/ns 23.7244 MB memory
TIMING: 1000  CPU: 279.76, 0.28673/step  Wall: 279.766, 0.286735/step, 0.0398244 hours remaining, 23.724424 MB of memory in use.
PERFORMANCE: 1000  averaging 0.619899 ns/day, 0.278755 sec/step with standard deviation 0.00765081
ETITLE:      TS           BOND          ANGLE          DIHED          IMPRP               ELECT            VDW       BOUNDARY           MISC        KINETIC               TOTAL           TEMP      POTENTIAL         TOTAL3        TEMPAVG            PRESSURE      GPRESSURE         VOLUME       PRESSAVG      GPRESSAVG

ENERGY:    1000       695.3429      1874.0120      1942.6738       115.7185        -145317.8764     11358.9156         0.0000         0.0000     23661.3309        -105669.8826       294.2706   -129331.2135   -105620.3670       295.9870          -1453.7009     -1464.5299    424529.9502     -1334.5427     -1334.8413

TIMING: 1100  CPU: 308.048, 0.282886/step  Wall: 308.055, 0.282892/step, 0.0314324 hours remaining, 23.724424 MB of memory in use.
PERFORMANCE: 1100  averaging 0.619064 ns/day, 0.279131 sec/step with standard deviation 0.00736458
ENERGY:    1100       692.7543      1906.3214      1929.0332       131.5331        -145679.6645     11710.9595         0.0000         0.0000     24075.3817        -105233.6814       299.4200   -129309.0631   -105167.7303       296.7786          -1128.2739     -1139.5727    424529.9502     -1302.0614     -1303.6331

TIMING: 1200  CPU: 336.132, 0.280843/step  Wall: 336.14, 0.280849/step, 0.0234041 hours remaining, 23.724424 MB of memory in use.
PERFORMANCE: 1200  averaging 0.618747 ns/day, 0.279274 sec/step with standard deviation 0.00703935
ENERGY:    1200       710.2206      1973.2024      1898.1685       127.6846        -145091.3865     11444.4910         0.0000         0.0000     24102.6205        -104834.9990       299.7588   -128937.6194   -104778.6032       299.6292          -1350.6871     -1356.6715    424529.9502     -1210.2867     -1208.6988

TIMING: 1300  CPU: 364.747, 0.286146/step  Wall: 364.756, 0.286154/step, 0.0158974 hours remaining, 23.724424 MB of memory in use.
PERFORMANCE: 1300  averaging 0.617577 ns/day, 0.279803 sec/step with standard deviation 0.00700458
ENERGY:    1300       706.2314      1899.8982      1936.2223       124.2791        -145061.5271     11359.7194         0.0000         0.0000     24164.4694        -104870.7074       300.5280   -129035.1768   -104821.0817       299.7212          -1310.9206     -1305.1799    424529.9502     -1375.2270     -1379.4432

TIMING: 1400  CPU: 392.704, 0.279565/step  Wall: 392.713, 0.279569/step, 0.00776581 hours remaining, 23.724424 MB of memory in use.
PERFORMANCE: 1400  averaging 0.617613 ns/day, 0.279787 sec/step with standard deviation 0.00673007
ENERGY:    1400       742.3362      1911.3658      1917.3645       116.5541        -145268.6075     11633.8721         0.0000         0.0000     24291.5785        -104655.5363       302.1088   -128947.1148   -104606.7202       300.6882          -1101.6983     -1116.4964    424529.9502     -1190.8180     -1189.2073

LDB: ============= START OF LOAD BALANCING ============== 442.797
LDB: ============== END OF LOAD BALANCING =============== 442.797
LDB: =============== DONE WITH MIGRATION ================ 442.797
Info: Initial time: 1 CPUs 0.282337 s/step 1.6339 days/ns 23.7244 MB memory
TIMING: 1500  CPU: 420.926, 0.282221/step  Wall: 420.935, 0.282225/step, 0 hours remaining, 23.724424 MB of memory in use.
PERFORMANCE: 1500  averaging 0.617255 ns/day, 0.279949 sec/step with standard deviation 0.00651574
ENERGY:    1500       703.7436      1881.4276      1913.6790       118.3237        -144881.9528     11315.5176         0.0000         0.0000     24118.7604        -104830.5008       299.9595   -128949.2612   -104775.0008       300.8748          -1236.1156     -1232.0994    424529.9502     -1194.1737     -1194.5652

WRITING EXTENDED SYSTEM TO OUTPUT FILE AT STEP 1500
CLOSING EXTENDED SYSTEM TRAJECTORY FILE
WRITING COORDINATES TO OUTPUT FILE AT STEP 1500
COORDINATE DCD FILE bench.dcd WAS NOT CREATED
The last position output (seq=-2) takes 0.034 seconds, 23.724 MB of memory in use
WRITING VELOCITIES TO OUTPUT FILE AT STEP 1500
The last velocity output (seq=-2) takes 0.032 seconds, 23.724 MB of memory in use
====================================================

WallClock: 443.819244  CPUTime: 443.808380  Memory: 23.724424 MB
[Partition 0][Node 0] End of program
